original_row,Seq,SIMBAD_ID,M,eM1,eM2,R,eR1,eR2,Teff,eTeff1,eTeff2,L,eL1,eL2,Meta,eMeta1,eMeta2,logg,elogg1,elogg2,rho,erho1,erho2,cutoff,class,type,pla,catalog,e_M,e_R,e_Teff,e_L,mode,orbit_a,eOrbit_a,detached,well_detached,oblateness,eoblateness1,eoblateness2,fill_factor,efill_factor1,efill_factor2,rad_pred,rad_sigma,rad_p16,rad_p84,rad_p02_5,rad_p97_5,sigma_R_true,sigma_oblateness,sigma_fill_factor,delta_R,sigma_delta_R,frac_residual,sigma_pred_q68,sigma_delta_R_q68,z_R_q68,ci68_contains_R_true,ci95_contains_R_true,sigma_frac_residual,z_R,delta_R_p16,delta_R_p84,frac_residual_p16,frac_residual_p84,delta_R_p02_5,delta_R_p97_5,frac_residual_p02_5,frac_residual_p97_5,log10_oblateness,log10_fill_factor,log10_L,abs_delta_R,abs_frac_residual,abs_z_R,flag_abs_z_gt_2,flag_abs_z_gt_3
40,41,KIC9656397_A,1.15,0.15,0.09,1.09,0.16,0.16,6270.0,140.0,130.0,1.66,0.51,0.49,-0.089,0.041,0.041,4.38,0.04,0.04,0.89,0.41,0.4,,MS,F2,,Xu26,,,,,EB,204.0,20.0,True,True,5e-07,2.7e-07,2.7e-07,0.0141,0.0026,0.0026,1.0971962396988182,0.0925429385149222,1.0542360327141735,1.1384896338826165,0.9443365033773076,1.2394189504745206,0.16,2.7e-07,0.0026,0.007196239698818108,0.18483559037419356,0.006602054769557896,0.04212680058422147,0.16545291574179877,0.04349418483533019,True,True,0.17041352069613605,0.038933192921609724,-0.03576396728582654,0.0484896338826164,-0.03281097916130875,0.0444859026446022,-0.1456634966226925,0.14941895047452047,-0.13363623543366285,0.13708160593992702,-6.301029995663981,-1.85078088734462,0.22010808804005508,0.007196239698818108,0.006602054769557896,0.038933192921609724,False,False
41,42,KIC9656397_B,1.16,0.19,0.14,1.09,0.16,0.15,6360.0,140.0,130.0,1.76,0.54,0.51,-0.089,0.041,0.041,4.38,0.04,0.04,0.9,0.42,0.39,,MS,F2,,Xu26,,,,,EB,204.0,20.0,True,True,4.9e-07,2.6e-07,2.6e-07,0.0141,0.0025,0.0025,1.1161705053730306,0.0729177515066584,1.075473946595182,1.161380380366186,0.9602947356099916,1.2399267738841653,0.155,2.6e-07,0.0025,0.02617050537303056,0.1712950626398402,0.02400963795690877,0.04295321688550202,0.1608414711472541,0.1627099353566025,True,True,0.16024744959502002,0.15278026680813253,-0.014526053404818162,0.07138038036618588,-0.013326654499833175,0.06548658749191365,-0.1297052643900085,0.1499267738841652,-0.11899565540367753,0.13754749897629834,-6.309803919971486,-1.85078088734462,0.24551266781414982,0.02617050537303056,0.02400963795690877,0.15278026680813253,False,False
42,43,LL_Aqr_A,1.1947,0.0009,0.0009,1.318,0.0013,0.0013,6242.0,51.0,51.0,2.38,0.08,0.08,0.04,0.05,0.05,4.2755,0.0009,0.0009,0.5218,0.0016,0.0016,,MS,F9,,Miller26,,,,,EB,40.744,0.007,True,True,9.731e-05,3e-07,3e-07,0.082618,8.5e-05,8.5e-05,1.2954550933867837,0.0182331662439851,1.2784086320896,1.3117173368081427,1.2605305507645437,1.3351316978603267,0.0013,3e-07,8.5e-05,-0.022544906613216398,0.01827945161324042,-0.017105391967538994,0.016654352359271374,0.016705012795767863,-1.3495893052490235,False,True,0.013867893488357371,-1.23334698929843,-0.03959136791040008,-0.0062826631918573295,-0.03003897413535666,-0.004766815775309051,-0.05746944923545638,0.017131697860326645,-0.04360352749275901,0.012998253308290322,-4.011842527443247,-1.0829253225460345,0.37657695705651195,0.022544906613216398,0.017105391967538994,1.23334698929843,False,False
44,45,V570_Per_A,1.4569,0.0094,0.01,1.543,0.012,0.009,6556.0,64.0,26.0,3.96,0.22,0.11,0.18,0.03,0.01,4.225,0.009,0.009,0.3966,0.0096,0.0075,,MS,F3,,Yucel26,,,,,EB,9.118,0.016,True,True,0.01477,0.00033,0.00033,0.4395,0.0032,0.0032,1.5245943820656518,0.0210148845654601,1.503846068870608,1.5447049408836595,1.483446895545676,1.566658797868972,0.010499999999999999,0.00033,0.0032,-0.01840561793434814,0.02349202786690866,-0.011928462692383759,0.020429436006525803,0.02296980312376954,-0.8012962860487775,True,True,0.0151887974338736,-0.7834835731773782,-0.03915393112939203,0.001704940883659578,-0.025375198398828278,0.0011049519660787934,-0.059553104454323824,0.02365879786897218,-0.03859566069625653,0.015332986305231486,-1.8306195046880505,-0.3570411205902093,0.5976951859255123,0.01840561793434814,0.011928462692383759,0.7834835731773782,False,False
45,46,V570_Per_B,1.3579,0.0094,0.0089,1.377,0.013,0.015,6468.0,32.0,21.0,2.99,0.12,0.1,0.17,0.01,0.01,4.293,0.011,0.011,0.52,0.015,0.017,,MS,F5,,Yucel26,,,,,EB,9.118,0.016,True,True,0.01175,0.00037,0.00037,0.405,0.0043,0.0043,1.3553946896481155,0.0211040410152645,1.3339492217790274,1.3745185954656791,1.316767588721872,1.3970464518687735,0.013999999999999999,0.00037,0.0043,-0.02160531035188451,0.025325492042090045,-0.015690130974498555,0.02028468684332585,0.024646876482260317,-0.8765942559672831,False,True,0.018304086477502295,-0.8531052552099392,-0.043050778220972585,-0.0024814045343208857,-0.03126418171457704,-0.0018020366988532213,-0.06023241127812806,0.020046451868773518,-0.04374176563407993,0.01455806235931265,-1.929962133392245,-0.3925449767853314,0.4756711883244297,0.02160531035188451,0.015690130974498555,0.8531052552099392,False,False
48,49,BEPOP-3_A,1.084,0.026,0.026,1.386,0.01,0.01,6065.0,36.0,36.0,2.35,0.03,0.03,-0.02,0.1,0.1,4.1895,0.0041,0.0041,0.407,0.013,0.013,,MS,F9,,Maxted25,,,,,EB,26.0,0.16,True,True,0.0001921,6.1e-06,6.1e-06,0.1057,0.0011,0.0011,1.3947543982576696,0.0197744248057765,1.37647512982984,1.4129340450231054,1.3565984491234608,1.4317521703653124,0.01,6.1e-06,0.0011,0.00875439825766966,0.02215914881937727,0.006316304659213319,0.018229457596632637,0.020792140925537883,0.4210436187894964,True,True,0.01600845937200774,0.39506924787717007,-0.009524870170159794,0.02693404502310548,-0.006872200699970992,0.01943293291710352,-0.029401550876539062,0.04575217036531254,-0.021213240170663106,0.033010223928796927,-3.7164726351383064,-0.9759250126925737,0.37106786227173627,0.00875439825766966,0.006316304659213319,0.39506924787717007,False,False
50,51,TIC189069314_A,1.126,0.069,0.069,1.439,0.047,0.047,6286.0,108.0,108.0,2.9,0.09,0.09,-0.32,0.03,0.03,4.17,0.01,0.01,0.378,0.044,0.044,,MS,,,MWang25,,,,,EB,14.49,0.01,True,True,0.00278,0.00033,0.00033,0.2528,0.0095,0.0095,1.413350860661959,0.0216144508761057,1.3911666030902232,1.43558372675338,1.3701378462377842,1.4564726640469454,0.047,0.00033,0.0095,-0.025649139338041138,0.051731851761517164,-0.017824280290508088,0.022208561831578377,0.05198288390063637,-0.49341508999517325,False,True,0.035421778735506206,-0.49580941846588394,-0.04783339690977684,-0.003416273246620083,-0.03324072057663435,-0.0023740606300348037,-0.06886215376221583,0.017472664046945363,-0.04785417217666145,0.012142226578836249,-2.555955204081924,-0.5972229303896526,0.4623979978989561,0.025649139338041138,0.017824280290508088,0.49580941846588394,False,False
51,52,TIC189069314_B,0.96,0.054,0.054,1.023,0.035,0.035,5739.0,117.0,117.0,1.01,0.04,0.04,-0.32,0.03,0.03,4.4,0.03,0.03,0.9,0.1,0.1,,MS,,,MWang25,,,,,EB,14.49,0.01,True,True,0.00129,0.00016,0.00016,0.1933,0.0076,0.0076,0.9218162866997404,0.0613322703840324,0.8740221910725948,0.9694404543053108,0.7943339520641813,1.038582458128304,0.035,0.00016,0.0076,-0.10118371330025955,0.07061619779101716,-0.09890881065519018,0.04770913161635798,0.05917061128285704,-1.7100332598655201,False,True,0.06741541476105542,-1.4328683285909054,-0.1489778089274051,-0.053559545694689126,-0.14562835672278113,-0.052355372135570996,-0.22866604793581857,0.015582458128304166,-0.2235249735442997,0.015232119382506518,-2.889410289700751,-0.713768145971447,0.004321373782642578,0.10118371330025955,0.09890881065519018,1.4328683285909054,False,False
56,57,TIC369605666_A,0.995,0.014,0.014,1.041,0.036,0.036,6116.0,108.0,108.0,1.36,0.05,0.05,-0.05,0.01,0.01,4.4,0.03,0.03,0.882,0.092,0.092,,MS,,,MWang25,,,,,EB,10.17,0.01,True,True,0.00299,0.00032,0.00032,0.2591,0.0092,0.0092,1.0413198967174042,0.0274553669527096,1.0165107512992662,1.0664381105208638,0.987920705124102,1.090982933196865,0.036,0.00032,0.0092,0.0003198967174042888,0.045274685802420965,0.00030729751912035434,0.024963679610798817,0.04380850716140203,0.007302159743213925,True,True,0.04349998345157888,0.007065686083395924,-0.024489248700733768,0.025438110520863866,-0.023524734582837433,0.02443622528421121,-0.05307929487589791,0.04998293319686509,-0.05098875588462816,0.048014345049822375,-2.5243288116755704,-0.5865325870141752,0.13353890837021754,0.0003198967174042888,0.00030729751912035434,0.007065686083395924,False,False
59,60,TIC431925451_B,1.404,0.061,0.061,1.481,0.087,0.087,6614.0,145.0,145.0,3.82,0.24,0.23,-0.2,0.02,0.02,4.24,0.07,0.07,0.432,0.078,0.078,,MS,,,MWang25,,,,,EB,14.19,0.01,True,True,0.00371,0.00069,0.00069,0.276,0.017,0.017,1.4012138906760554,0.7749590718666164,1.360972171667126,1.527844908428055,1.2755262857191207,1.6325677553055542,0.087,0.00069,0.017,-0.0797861093239447,0.7798272648916346,-0.05387313256174524,0.08343636838046453,0.1205430527592552,-0.6618889060599038,True,True,0.5262108651806321,-0.10231254139983403,-0.12002782833287418,0.04684490842805489,-0.08104512378992179,0.031630593131704854,-0.20547371428087935,0.1515677553055541,-0.13873984759006033,0.10234149581738967,-2.430626090384954,-0.5590909179347823,0.5820633629117087,0.0797861093239447,0.05387313256174524,0.10231254139983403,False,False
60,61,TIC100520485_A,1.218,0.015,0.015,1.639,0.041,0.041,6090.0,127.0,127.0,3.31,0.1,0.1,-0.42,0.05,0.05,4.08,0.02,0.02,0.277,0.021,0.021,,MS,,,MWang25,,,,,EB,16.45,0.01,True,True,0.00276,0.00021,0.00021,0.2524,0.0064,0.0064,1.536190524416482,0.039609541295224,1.495554235225371,1.574676157991516,1.4552145673245385,1.6110810537766136,0.041,0.00021,0.0064,-0.10280947558351805,0.0570080324306852,-0.06272695276602687,0.039560961383072524,0.05697428951336695,-1.8044889451301984,False,False,0.033671345240209115,-1.8034208724625218,-0.143445764774629,-0.06432384200848396,-0.08752029577463637,-0.03924578524007563,-0.18378543267546155,-0.02791894622338642,-0.11213266179100766,-0.017034134364482256,-2.5590909179347823,-0.5979106494279033,0.5198279937757188,0.10280947558351805,0.06272695276602687,1.8034208724625218,False,False
61,62,TIC100520485_B,1.015,0.015,0.015,1.14,0.044,0.044,6209.0,144.0,144.0,1.73,0.09,0.08,-0.42,0.05,0.05,4.33,0.03,0.03,0.685,0.08,0.08,,MS,,,MWang25,,,,,EB,16.45,0.01,True,True,0.00124,0.00015,0.00015,0.1908,0.0074,0.0074,1.0943777255414815,0.0458649949496023,1.0567452588296369,1.1306493602929586,1.0111950444782098,1.1814861850367675,0.044,0.00015,0.0074,-0.04562227445851841,0.06355783005835744,-0.04001953899870036,0.03695205073166086,0.057458280980858076,-0.7940069504292554,False,True,0.05469453165171329,-0.7178073011087542,-0.08325474117036302,-0.009350639707041308,-0.07303047471084476,-0.008202315532492377,-0.12880495552179005,0.0414861850367676,-0.11298680308928953,0.036391390383129475,-2.906578314837765,-0.7194216296319237,0.2380461031287954,0.04562227445851841,0.04001953899870036,0.7178073011087542,False,False
66,67,TIC446092483_A,1.342,0.019,0.019,2.194,0.069,0.069,6336.0,120.0,120.0,6.07,0.21,0.21,-0.25,0.01,0.01,3.88,0.03,0.03,0.127,0.012,0.012,,MS,,,MWang25,,,,,EB,26.92,0.05,True,True,0.00189,0.00018,0.00018,0.2202,0.007,0.007,2.108811937765841,0.0570741036526609,2.0513790656026005,2.166093336113921,2.0084320811207395,2.22867366134829,0.069,0.00018,0.007,-0.08518806223415876,0.08954581680768053,-0.03882774030727382,0.05735713525566033,0.08972647861549073,-0.9494194305698692,False,True,0.03988061782290722,-0.9513349173766429,-0.14262093439739942,-0.027906663886078764,-0.06500498377274358,-0.012719536866945654,-0.1855679188792605,0.034673661348290086,-0.08457972601607133,0.01580385658536467,-2.7235381958267557,-0.657182685364267,0.7831886910752576,0.08518806223415876,0.03882774030727382,0.9513349173766429,False,False
67,68,TIC446092483_B,1.486,0.028,0.028,1.459,0.077,0.077,6096.0,111.0,111.0,2.41,0.14,0.13,-0.25,0.01,0.01,4.28,0.04,0.04,0.478,0.076,0.076,,MS,,,MWang25,,,,,EB,26.92,0.05,True,True,0.000473,7.5e-05,7.5e-05,0.1398,0.0074,0.0074,1.197396874403429,0.0558170031629548,1.158022937539502,1.2424339267186295,1.0690867426943709,1.2902625271870285,0.077,7.5e-05,0.0074,-0.2616031255965712,0.09510277515453115,-0.17930303330813652,0.0422054945895638,0.08780833544459034,-2.9792516197013037,False,False,0.057789411579696026,-2.750741239374939,-0.30097706246049816,-0.21656607328137056,-0.2062899674163798,-0.1484345944354836,-0.3899132573056292,-0.16873747281297158,-0.26724692070296724,-0.1156528257799668,-3.3251388592621884,-0.8544928285903374,0.3820170425748684,0.2616031255965712,0.17930303330813652,2.750741239374939,True,False
69,70,TIC39022841_B,0.892,0.037,0.037,1.074,0.087,0.087,6071.0,102.0,102.0,1.41,0.12,0.11,-0.19,0.03,0.03,4.33,0.03,0.03,0.72,0.18,0.18,,MS,,,MWang25,,,,,EB,21.59,0.19,True,True,0.000384,9.6e-05,9.6e-05,0.13,0.011,0.011,1.1003414245893344,0.0273432777434546,1.0768981321294189,1.1257380166075186,1.049013126091198,1.1520948274715266,0.087,9.6e-05,0.011,0.026341424589334306,0.09119569528083932,0.024526466098076634,0.024419942239049863,0.09036223535835383,0.29150921825772524,False,True,0.0868096106526843,0.2888450437075485,0.0028981321294188067,0.05173801660751853,0.0026984470478759836,0.048173199820780756,-0.024986873908802165,0.07809482747152652,-0.02326524572514168,0.07271399205914945,-3.415668775632469,-0.8860566476931632,0.14921911265537988,0.026341424589334306,0.024526466098076634,0.2888450437075485,False,False
78,79,KIC8610483_A,0.92,0.02,0.02,1.461,0.01,0.01,5700.0,150.0,150.0,2.0,0.2,0.2,-0.25,0.25,0.25,4.07,0.004,0.004,0.295,0.0088,0.0088,,MS,,,OzdarcanFeb25,,,,,EB,68.7,0.4,True,True,3.1e-05,1.1e-06,1.1e-06,0.05612,0.00064,0.00064,1.4933433524749828,0.0588820751819174,1.4503149545484797,1.5371163070979372,1.39164206117016,1.5836632378960918,0.01,1.1e-06,0.00064,0.03234335247498277,0.059725193827470935,0.02213781825803064,0.04340067627472877,0.044537834490507106,0.7261994851113945,True,True,0.0409053103963466,0.5415361659338184,-0.01068504545152038,0.07611630709793715,-0.0073135150249968375,0.05209877282541899,-0.06935793882983998,0.12266323789609168,-0.047472921854784376,0.0839584106064967,-4.508638306165727,-1.2508823376436777,0.3010299956639812,0.03234335247498277,0.02213781825803064,0.5415361659338184,False,False
79,80,KIC8610483_B,0.92,0.02,0.02,1.329,0.009,0.009,5751.0,150.0,150.0,1.7,0.2,0.2,-0.25,0.25,0.25,4.153,0.004,0.004,0.392,0.012,0.012,,MS,,,OzdarcanFeb25,,,,,EB,68.7,0.4,True,True,2.333e-05,8.5e-07,8.5e-07,0.05105,0.00058,0.00058,1.3366041663575496,0.0479031118854061,1.2971982388707086,1.3760148253425564,1.233136353078392,1.440434271254044,0.009,8.5e-07,0.00058,0.00760416635754968,0.04874123642569744,0.005721720359330083,0.039408293235923875,0.04042293378477821,0.18811515260213818,True,True,0.03668229590935072,0.1560109450473562,-0.03180176112929134,0.04701482534255641,-0.023929090390738404,0.035376091303654184,-0.09586364692160787,0.11143427125404415,-0.07213216472656725,0.08384821012343427,-4.632085261206248,-1.292004253577071,0.2304489213782739,0.00760416635754968,0.005721720359330083,0.1560109450473562,False,False
80,81,KIC8868907_A,1.032,0.005,0.005,1.318,0.002,0.002,5800.0,150.0,150.0,1.8,0.2,0.2,0.0,0.25,0.25,4.2115,0.0009,0.0009,0.4507,0.003,0.003,,MS,,,OzdarcanFeb25,,,,,EB,148.6,0.2,True,True,1.757e-06,1.3e-08,1.3e-08,0.021801,5.3e-05,5.3e-05,1.2945882587885726,0.0431098846639329,1.261670560471602,1.327111770776509,1.2130702921837728,1.3836478868566648,0.002,1.3e-08,5.3e-05,-0.023411741211427417,0.04315625280000104,-0.01776308134402687,0.03272060515245345,0.03278167173197187,-0.7141716689388361,True,True,0.03274250454832095,-0.5424878132938098,-0.05632943952839797,0.009111770776508932,-0.04273857323854171,0.006913331393405866,-0.10492970781622724,0.06564788685666478,-0.07961282838863978,0.0498087153692449,-5.755228238504705,-1.6615235850870775,0.25527250510330607,0.023411741211427417,0.01776308134402687,0.5424878132938098,False,False
81,83,KIC9948002_A,1.25,0.03,0.03,1.82,0.01,0.01,6100.0,150.0,150.0,4.2,0.4,0.4,0.0,0.25,0.25,4.015,0.004,0.004,0.2073,0.006,0.006,,MS,,,OzdarcanFeb25,,,,,EB,115.1,0.8,True,True,8.66e-06,2.9e-07,2.9e-07,0.03731,0.00039,0.00039,1.8093750581323207,0.0417346157763669,1.7684810790262926,1.851254177522528,1.7238795968217098,1.8875448301155635,0.01,2.9e-07,0.00039,-0.010624941867679372,0.04291594288840655,-0.005837880147076578,0.04138654924811769,0.042577534671078256,-0.24954337891471676,True,True,0.023572734831860554,-0.24757563629225604,-0.05151892097370747,0.031254177522527904,-0.028307099436103007,0.017172625012377967,-0.09612040317829029,0.06754483011556345,-0.05281340833971994,0.03711254401954035,-5.062482107982653,-1.428174750959171,0.6232492903979004,0.010624941867679372,0.005837880147076578,0.24757563629225604,False,False
93,95,TIC72696540_A,1.267,0.011,0.011,2.365,0.043,0.043,5965.0,120.0,120.0,6.38,0.56,0.56,0.04,0.1,0.1,4.21,0.12,0.12,0.0958,0.0053,0.0053,,Subgiant,F9,,Pan25,,,,,EB,23.07,0.05,True,True,0.0035,0.0002,0.0002,0.2712,0.005,0.005,1.803540227765344,1.2660764009934011,1.565725705140874,2.001148452919776,0.7379365779867094,2.582527763678355,0.043,0.0002,0.005,-0.5614597722346562,1.2668063992388117,-0.23740370919012943,0.21771137388945105,0.2219171969921041,-2.5300417446000507,False,True,0.5355183868643723,-0.44320882225730907,-0.7992742948591263,-0.36385154708022416,-0.3379595327099899,-0.15384843428339287,-1.6270634220132907,0.2175277636783548,-0.6879760769612222,0.09197791276040371,-2.4559319556497243,-0.5667103148049742,0.8048206787211624,0.5614597722346562,0.23740370919012943,0.44320882225730907,False,False
216,223,HD22064_A,1.345,0.031,0.031,1.554,0.014,0.014,6763.0,40.0,40.0,4.55,0.06,0.06,-0.1812,0.0058,0.0058,4.184,0.006,0.006,0.358,0.013,0.013,,MS,F2,,Maxted23,,,,,EB,22.9,0.7,True,True,0.000546,5.3e-05,5.3e-05,0.1495,0.0048,0.0048,1.5631541813365522,0.0195733373279427,1.5459592085523524,1.5806124868247302,1.5258519984200989,1.5995244511954343,0.014,5.3e-05,0.0048,0.009154181336552103,0.02406481942906356,0.005890721580792859,0.017326639136188926,0.02227582599491462,0.41094688648770755,True,True,0.015516660687724356,0.38039684293231874,-0.008040791447647688,0.026612486824730164,-0.0051742544708157584,0.017125152396866256,-0.02814800157990116,0.045524451195434246,-0.018113257129923527,0.029295013639275575,-3.2628073572952627,-0.8253588073395516,0.6580113966571124,0.009154181336552103,0.005890721580792859,0.38039684293231874,False,False
278,285,KIC7037405_B,1.11,0.011,0.011,1.746,0.014,0.014,6094.0,138.0,148.0,3.79,0.35,0.37,-0.27,0.1,0.1,3.999,0.0071,0.0071,0.2085,0.0054,0.0054,,MS,,,Brogaard18,,,,,EB,193.8,0.89,True,True,2.459e-06,7.9e-08,7.9e-08,0.02407,0.00025,0.00025,1.760665596948633,0.0404490692745157,1.7277764981355233,1.7932678111005973,1.683970514082097,1.8388453976943804,0.014,7.9e-08,0.00025,0.014665596948632897,0.04280335506913646,0.008399540062218155,0.03274565648253702,0.03561289118384407,0.41180585066583986,True,True,0.024537205818699292,0.34262727594472114,-0.018223501864476743,0.0472678111005973,-0.010437286291223794,0.027072056758646792,-0.062029485917902916,0.09284539769438038,-0.0355266242370578,0.053176058244204114,-5.609241471261283,-1.61852390972497,0.5786392099680724,0.014665596948632897,0.008399540062218155,0.34262727594472114,False,False
280,287,KIC9540226_B,1.002,0.015,0.015,1.014,0.014,0.014,6157.0,131.0,131.0,1.33,0.12,0.12,-0.23,0.1,0.1,4.427,0.1,0.1,0.961,0.042,0.042,,MS,,,Brogaard18,,,,,EB,176.0,1.3,True,True,8.01e-07,4.3e-08,4.3e-08,0.01638,0.00028,0.00028,1.116893598913666,4.7524768874652175,0.7576809505340762,1.1932615901284824,-3.4856654728124683,3.4053637635179586,0.014,4.3e-08,0.00028,0.1028935989136659,4.752497508246699,0.10147297723241212,0.2177903197972031,0.2182398299975694,0.4714703036325305,True,True,4.686885508349751,0.021650426693569296,-0.25631904946592377,0.17926159012848242,-0.2527801276784258,0.17678657803597872,-4.4996654728124685,2.3913637635179583,-4.4375399140162415,2.358346906822444,-6.096367483915762,-1.7856861025756003,0.12385164096708581,0.1028935989136659,0.10147297723241212,0.021650426693569296,False,False
285,292,KIC8552540_A,1.153,0.036,0.036,1.41,0.022,0.022,6060.0,200.0,200.0,2.4,0.33,0.33,0.038,0.009,0.009,4.202,0.012,0.012,0.411,0.023,0.023,,MS,F9,,Helminiak19,,,,,EB,5.619,0.054,True,False,0.044,0.0028,0.0028,0.635,0.013,0.013,1.390333126664697,0.0266887047828169,1.368442943504909,1.4060928886392352,1.3410852693727635,1.4514877848382233,0.022,0.0028,0.013,-0.019666873335302926,0.03458738155721467,-0.013948137117236118,0.01882497256716309,0.028954785306654286,-0.6792270475161546,False,True,0.024392207651841177,-0.568614114450088,-0.041557056495090894,-0.0039071113607647145,-0.029473089712830424,-0.002771000965081358,-0.06891473062723641,0.04148778483822335,-0.04887569548030951,0.029423960878172593,-1.3565473235138126,-0.1972262747080243,0.38021124171160603,0.019666873335302926,0.013948137117236118,0.568614114450088,False,False
289,296,KIC9641031_A,1.2102,0.0076,0.0076,1.244,0.0023,0.0023,6260.0,120.0,120.0,2.14,0.18,0.17,-0.437,0.012,0.012,4.331,0.016,0.016,0.6286,0.0053,0.0053,,MS,,,Helminiak19,,,,,EB,9.145,0.016,True,True,0.006724,6.4e-05,6.4e-05,0.3401,0.001,0.001,1.1039615443651043,0.0237325155083148,1.081013299013599,1.1281616101659662,1.0591458653980654,1.1495257722890786,0.0023,6.4e-05,0.001,-0.1400384556348957,0.02384370550800363,-0.11257110581583256,0.023574155576183586,0.02368608897919004,-5.912265877153874,False,False,0.019148009965219117,-5.873183410518508,-0.162986700986401,-0.11583838983403383,-0.1310182483813513,-0.09311767671546128,-0.18485413460193456,-0.0944742277109214,-0.14859657122342007,-0.07594391295090144,-2.1723722952325666,-0.4683933680672778,0.33041377334919086,0.1400384556348957,0.11257110581583256,5.873183410518508,True,True
291,298,KIC10191056_Aa,1.564,0.012,0.012,1.976,0.022,0.022,6584.3,155.3,155.3,6.61,0.64,0.64,0.122,0.007,0.007,4.041,0.009,0.009,0.2027,0.0069,0.0069,,MS,,,Helminiak19,,,,,EB,10.938,0.033,True,True,0.01753,0.00064,0.00064,0.4659,0.0056,0.0056,1.9801457844290384,0.0419496752830162,1.9405026468275364,2.02261540215466,1.899555823077192,2.061670719361986,0.022,0.00064,0.0056,0.004145784429038457,0.0473685048988302,0.0020980690430356564,0.04105637766356174,0.04657924588111116,0.08900497100404234,True,True,0.02398277332686862,0.08752196080271135,-0.03549735317246361,0.04661540215465987,-0.01796424755691478,0.023590790564099125,-0.07644417692280792,0.08567071936198589,-0.03868632435364773,0.04335562720748274,-1.7562180839062052,-0.3317072895517791,0.8202014594856403,0.004145784429038457,0.0020980690430356564,0.08752196080271135,False,False
292,299,KIC10191056_Ab,1.413,0.016,0.016,1.659,0.03,0.03,6584.3,155.3,155.3,4.66,0.47,0.47,0.122,0.007,0.007,4.149,0.016,0.016,0.309,0.017,0.017,,MS,,,Helminiak19,,,,,EB,10.938,0.033,True,True,0.01221,0.00069,0.00069,0.4097,0.0076,0.0076,1.6728217830783465,0.0419696806476823,1.6313056598132445,1.716082263543485,1.59243674989554,1.7517409664356196,0.03,0.00069,0.0076,0.013821783078346472,0.051589282740395204,0.008331394260606674,0.042388301865120215,0.051930416279946705,0.2661596819065718,True,True,0.031184465061486755,0.26791965974599224,-0.02769434018675554,0.05708226354348489,-0.01669339372317995,0.034407633238990286,-0.06656325010445996,0.09274096643561958,-0.040122513625352595,0.0559017278092945,-1.9132843360551175,-0.38753403604685766,0.6683859166900001,0.013821783078346472,0.008331394260606674,0.26791965974599224,False,False
293,300,KIC10583181_A,1.559,0.036,0.036,1.882,0.014,0.014,6730.0,140.0,140.0,6.67,0.57,0.57,-0.23,0.007,0.007,4.082,0.005,0.005,0.2339,0.0075,0.0075,,MS,,,Helminiak19,,,,,EB,11.095,0.075,True,True,0.0109,0.0004,0.0004,0.4024,0.0047,0.0047,1.8052691621772607,0.0323307036018923,1.77268538137224,1.837072403626663,1.7435181999824012,1.867216544335513,0.014,0.0004,0.0047,-0.07673083782273915,0.03523172427505376,-0.040770902137480955,0.03219351112721147,0.035105870715563925,-2.185698182632488,False,False,0.018601927493975778,-2.177890506399919,-0.10931461862775982,-0.044927596373336876,-0.058084281948862816,-0.023872261622389413,-0.1384818000175987,-0.0147834556644868,-0.07358225293177402,-0.007855183668696494,-1.9625735020593764,-0.395342027952129,0.8241258339165489,0.07673083782273915,0.040770902137480955,2.177890506399919,True,False
296,303,KIC10987439_B,1.4215,0.0045,0.0045,1.512,0.031,0.031,6490.0,90.0,90.0,3.55,0.25,0.25,-0.158,0.012,0.012,4.232,0.018,0.018,0.411,0.025,0.025,,MS,,,Helminiak19,,,,,EB,27.352,0.029,True,True,0.000411,2.5e-05,2.5e-05,0.1345,0.0028,0.0028,1.4079218885643296,0.0244714311376623,1.3836525476562975,1.4319527784107349,1.361449497909095,1.4541325432581178,0.031,2.5e-05,0.0028,-0.10407811143567036,0.039494948308933735,-0.06883472978549628,0.024150115377218673,0.039296667450726325,-2.6485225895089655,False,False,0.025028538524059465,-2.6352259185544487,-0.12834745234370248,-0.08004722158926514,-0.0848858811796974,-0.05294128411988435,-0.15055050209090504,-0.057867456741882206,-0.09957043789081022,-0.03827212747478982,-3.3861581781239307,-0.8712777156615732,0.5502283530550941,0.10407811143567036,0.06883472978549628,2.6352259185544487,True,False
297,304,KIC11922782_A,1.067,0.01,0.01,1.501,0.057,0.057,5990.0,110.0,110.0,2.61,0.27,0.27,-0.223,0.012,0.012,4.114,0.033,0.033,0.316,0.036,0.036,,MS,,,Helminiak19,,,,,EB,12.056,0.034,True,True,0.00514,0.00059,0.00059,0.311,0.012,0.012,1.4653869917091942,0.0471417757117749,1.4247649349729423,1.5054071290507085,1.38037190722855,1.552924552725918,0.057,0.00059,0.012,-0.035613008290805714,0.07396855424610711,-0.023726188068491482,0.04032109703888309,0.06981970256610255,-0.5100710398628341,True,True,0.048588605407167765,-0.4814614622899702,-0.07623506502705757,0.004407129050708614,-0.050789517006700584,0.0029361286147292563,-0.12062809277144981,0.051924552725918005,-0.0803651517464689,0.03459330627975883,-2.289036881004724,-0.5072396109731625,0.41664050733828095,0.035613008290805714,0.023726188068491482,0.4814614622899702,False,False
7274,7281,KIC5359678_A,1.32,0.06,0.06,1.52,0.04,0.04,6500.0,50.0,50.0,3.72,0.56,0.49,-0.104,0.046,0.046,4.2,0.079,0.079,0.376,0.034,0.034,,MS,F,,Xiong23,,,,,EB,19.19,0.16,True,True,0.00141,0.00013,0.00013,0.2014,0.0059,0.0059,1.478167930783456,0.2841305802101253,1.399609779121315,1.5706967827995717,1.2312415509554322,1.7015998096454237,0.04,0.00013,0.0059,-0.04183206921654392,0.2869323728869618,-0.027521098168778894,0.0855435018391284,0.09443352533343741,-0.4429790063310477,True,True,0.1886716979006366,-0.14579069205629105,-0.12039022087868512,0.05069678279957168,-0.07920409268334547,0.03335314657866558,-0.2887584490445678,0.18159980964542366,-0.1899726638451104,0.11947355897725241,-2.85078088734462,-0.6959405337824008,0.5705429398818975,0.04183206921654392,0.027521098168778894,0.14579069205629105,False,False
7276,7283,KIC8301013_A,1.29,0.02,0.02,1.45,0.01,0.01,6144.0,100.0,100.0,2.7,0.44,0.38,-0.019,0.035,0.035,4.22,0.01,0.01,0.423,0.011,0.011,,MS,F,,Xiong23,,,,,EB,15.2,0.1,True,True,0.00249,0.00012,0.00012,0.2434,0.0035,0.0035,1.37079003233099,0.0245113206315557,1.3472303767214622,1.3955719401023987,1.3244381086069696,1.4177207791173725,0.01,0.00012,0.0035,-0.0792099676690099,0.02647271877051785,-0.054627563909661996,0.024170781690468268,0.026157727109370112,-3.0281670627504798,False,False,0.018118092512394594,-2.992135728696838,-0.10276962327853778,-0.054428059897601244,-0.07087560226106054,-0.03753659303282845,-0.1255618913930303,-0.03227922088262747,-0.08659440785726229,-0.02226153164319136,-2.6038006529042637,-0.6136794261059538,0.43136376415898736,0.0792099676690099,0.054627563909661996,2.992135728696838,True,False
7277,7284,KIC8301013_B,1.11,0.05,0.05,1.2,0.01,0.01,5966.0,97.0,97.0,1.64,0.27,0.24,-0.019,0.035,0.035,4.33,0.02,0.02,0.642,0.033,0.033,,MS,F,,Xiong23,,,,,EB,15.2,0.1,True,True,0.001792,9.1e-05,9.1e-05,0.2157,0.0033,0.0033,1.125563841588852,0.0191586744191126,1.107635227663637,1.1439842795117223,1.088712551545554,1.1665998575667171,0.01,9.1e-05,0.0033,-0.07443615841114792,0.02161145079576009,-0.06203013200928994,0.018174525924042673,0.020743996542703605,-3.5883229279330817,False,False,0.01777626290292859,-3.4442925241164937,-0.09236477233636298,-0.05601572048827763,-0.07697064361363581,-0.04667976707356469,-0.11128744845444594,-0.03340014243328282,-0.09273954037870495,-0.027833452027735683,-2.7466619946738935,-0.6661498548974549,0.21484384804769785,0.07443615841114792,0.06203013200928994,3.4442925241164937,True,True
7278,7285,KIC5444392_A,1.208,0.003,0.003,1.482,0.106,0.106,6012.74,23.74,23.74,2.59,1.02,0.73,0.142,0.014,0.014,4.105,0.022,0.022,0.371,0.08,0.08,,MS,,,Xiong23,,,,,EB,7.55,0.1,True,False,0.0256,0.0056,0.0056,0.525,0.038,0.038,1.6129514626388712,0.0446918960114882,1.5703438838095327,1.653903190168475,1.5229203235971522,1.7048408438180134,0.106,0.0056,0.038,0.13095146263887125,0.115036366289542,0.08836131082245025,0.04177965317947119,0.1139365587500206,1.149336649057321,False,False,0.08348208162153659,1.138348392448972,0.08834388380953273,0.1719031901684751,0.05961125763126365,0.1159940554443152,0.04092032359715225,0.2228408438180134,0.027611554384043356,0.15036494184751242,-1.5917600346881504,-0.2798406965940431,0.4132997640812518,0.13095146263887125,0.08836131082245025,1.138348392448972,False,False
7279,7286,KIC5444392_B,1.281,0.003,0.003,1.905,0.083,0.083,5767.75,21.55,21.55,3.62,0.81,0.66,0.142,0.014,0.014,3.985,0.051,0.051,0.185,0.024,0.024,,MS,,,Xiong23,,,,,EB,7.55,0.1,True,False,0.0494,0.0068,0.0068,0.657,0.03,0.03,1.815514247851679,0.0920959401396287,1.7182699147642502,1.907701387675517,1.6412287154536458,1.9991213534655747,0.083,0.0068,0.03,-0.089485752148321,0.12397847470509578,-0.04697414810935485,0.09471573645563336,0.1259367727565424,-0.7105609441121099,True,True,0.06372853332769775,-0.7217845868904124,-0.18673008523574985,0.002701387675516864,-0.09802104211850386,0.001418051273237199,-0.26377128454635423,0.09412135346557471,-0.138462616559766,0.049407534627598275,-1.3062730510763532,-0.1824346304402192,0.5587085705331657,0.089485752148321,0.04697414810935485,0.7217845868904124,False,False
7280,7287,EPIC201637354_A,1.065,0.031,0.031,1.24,0.101,0.101,5940.85,32.41,32.41,1.73,0.79,0.54,-0.303,0.031,0.031,4.157,0.053,0.053,0.56,0.14,0.14,,MS,,,Xiong23,,,,,EB,12.14,0.085,True,False,0.00334,0.00083,0.00083,0.267,0.022,0.022,1.337989340926442,0.0637990639004279,1.2880155227773165,1.3898623581742386,1.244042182551008,1.4580076916746805,0.101,0.00083,0.022,0.09798934092644207,0.11946263246124658,0.07902366203745328,0.05092341769846109,0.11311142502016294,0.8663080755014336,False,False,0.10184070692085677,0.8202509764568398,0.048015522777316466,0.14986235817423865,0.03872219578815844,0.12085674046309569,0.004042182551007967,0.21800769167468048,0.0032598246379096506,0.17581265457635523,-2.4762535331884354,-0.5734887386354247,0.2380461031287954,0.09798934092644207,0.07902366203745328,0.8202509764568398,False,False
7284,7297,EPIC211563123_A,1.148,0.009,0.009,2.081,0.105,0.105,5971.97,10.79,10.79,4.97,1.3,1.03,-0.234,0.01,0.01,3.8,0.04,0.04,0.127,0.019,0.019,,MS,,,Xiong23,,,,,EB,37.217,0.069,True,True,0.000567,8.6e-05,8.6e-05,0.1478,0.0075,0.0075,2.2176330124072585,0.0970029370629735,2.125508044915968,2.303498442509966,2.0350094534700744,2.3836685430011904,0.105,8.6e-05,0.0075,0.13663301240725856,0.14294953584689668,0.0656573822235745,0.08899519879699902,0.13764136518110162,0.9926740571592244,False,True,0.07116159564905183,0.9558129139614464,0.044508044915967826,0.22249844250996587,0.02138781591348766,0.10691900168667269,-0.04599054652992551,0.3026685430011904,-0.022100214574687898,0.14544379769398866,-3.2464169411070936,-0.8303255659411931,0.696356388733332,0.13663301240725856,0.0656573822235745,0.9558129139614464,False,False
7285,7298,EPIC211563123_B,1.157,0.009,0.009,2.15,0.161,0.161,5665.94,84.29,84.29,4.3,1.93,1.33,-0.234,0.01,0.01,3.836,0.078,0.078,0.116,0.026,0.026,,MS,,,Xiong23,,,,,EB,37.217,0.069,True,True,0.00062,0.00014,0.00014,0.152,0.011,0.011,1.9852359325775624,0.269197601254973,1.8108643697750268,2.1347237703926094,1.6135453067007226,2.3531754245725445,0.161,0.00014,0.011,-0.16476406742243754,0.31366917049884174,-0.07663444996392445,0.16192970030879128,0.22834672724191815,-0.7215521300109591,False,True,0.14303191142201885,-0.5252797626250807,-0.33913563022497306,-0.015276229607390501,-0.15773750243022003,-0.007105223073204885,-0.5364546932992773,0.20317542457254456,-0.24951381083687318,0.09450019747560212,-3.207608310501746,-0.8181564120552275,0.6334684555795865,0.16476406742243754,0.07663444996392445,0.5252797626250807,False,False
7286,7301,EPIC211902535_A,1.922,0.064,0.064,2.097,0.252,0.252,5808.92,21.47,21.47,4.52,3.35,1.92,0.1,0.02,0.02,3.935,0.035,0.035,0.208,0.075,0.075,,MS,,,Xiong23,,,,,EB,31.41,0.22,True,True,0.00115,0.00042,0.00042,0.185,0.022,0.022,2.003481640784439,0.0927470412610079,1.90990058228378,2.097877825018746,1.8077256510728423,2.171387883766704,0.252,0.00042,0.022,-0.09351835921556084,0.2685256294335256,-0.04459626095162653,0.0939886213674831,0.2689569871681346,-0.3477074910758841,True,True,0.12303681350064241,-0.34826604601149114,-0.18709941771621996,0.0008778250187462255,-0.08922242141927514,0.0004186099278713522,-0.28927434892715764,0.07438788376670402,-0.13794675676068557,0.035473478191084415,-2.939302159646388,-0.7328282715969862,0.6551384348113821,0.09351835921556084,0.04459626095162653,0.34826604601149114,False,False
7288,7305,NSVS_6318847_A,1.079,0.026,0.026,1.324,0.031,0.031,6005.93,25.97,25.97,2.06,0.25,0.22,-0.14,0.024,0.024,4.223,0.043,0.043,0.465,0.035,0.035,,MS,,,Xiong23,,,,,EB,4.893,0.031,True,False,0.054,0.0042,0.0042,0.681,0.017,0.017,1.284813995728734,0.0292610876392378,1.261090422163864,1.311318600246295,1.2307931258706304,1.3378178132191816,0.031,0.0042,0.017,-0.03918600427126617,0.042628760829176764,-0.02959667996319197,0.025114089041215593,0.039896334021688074,-0.9821956135108615,False,True,0.031696582276394894,-0.9192386433256526,-0.06290957783613615,-0.01268139975370497,-0.047514786885299205,-0.009578096490713723,-0.09320687412936968,0.013817813219181518,-0.07039794118532453,0.01043641481811293,-1.2676062401770316,-0.16685288808721482,0.31386722036915343,0.03918600427126617,0.02959667996319197,0.9192386433256526,False,False
7290,7307,UCAC4_473-001351_A,1.105,0.023,0.023,1.46,0.186,0.186,5897.59,25.76,25.76,2.32,1.86,1.03,0.079,0.024,0.024,4.173,0.043,0.043,0.36,0.14,0.14,,MS,,,Xiong23,,,,,EB,25.18,0.13,True,True,0.00055,0.00021,0.00021,0.147,0.019,0.019,1.431510432924328,0.0590062133628589,1.37947838183829,1.4860915858485368,1.3102589234468085,1.5564584556486394,0.186,0.00021,0.019,-0.028489567075671962,0.195135166526752,-0.019513402106624632,0.05330660200512338,0.19348796814616825,-0.14724206031327927,True,True,0.13128680062013307,-0.14599914296722213,-0.08052161816170988,0.02609158584853688,-0.05515179326144513,0.01787094921132663,-0.14974107655319147,0.09645845564863942,-0.10256238120081608,0.06606743537578043,-3.2596373105057563,-0.8326826652518239,0.3654879848908996,0.028489567075671962,0.019513402106624632,0.14599914296722213,False,False
7291,7308,UCAC4_473-001351_B,0.932,0.023,0.023,1.882,0.239,0.239,6119.73,295.09,295.09,4.48,4.86,2.33,0.079,0.024,0.024,3.857,0.126,0.126,0.14,0.053,0.053,,MS,,,Xiong23,,,,,EB,25.18,0.13,True,True,0.00155,0.00059,0.00059,0.205,0.026,0.026,2.0888705908014256,0.5488909697353065,1.8076518831560648,2.352780111481461,1.512202681483188,2.581432520310759,0.239,0.00059,0.026,0.20687059080142567,0.59866710002886,0.1099206114779095,0.2725641141626981,0.36250820174072795,0.5706645802992978,True,True,0.3239272302930392,0.34555196166860186,-0.07434811684393505,0.47078011148146115,-0.03950484423163393,0.2501488371314884,-0.36979731851681197,0.699432520310759,-0.1964916676497407,0.37164320951687513,-2.8096683018297086,-0.6882461389442457,0.651278013998144,0.20687059080142567,0.1099206114779095,0.34555196166860186,False,False
7294,7311,TYC_18-662-1_A,0.959,0.014,0.014,1.694,0.009,0.009,5562.42,22.66,22.66,2.48,0.11,0.11,0.045,0.019,0.019,3.987,0.036,0.036,0.1973,0.0043,0.0043,,MS,,,Xiong23,,,,,EB,9.27,0.03,True,False,0.02146,0.00053,0.00053,0.4944,0.0038,0.0038,1.6733934423142842,0.0502875885803466,1.6285808460685631,1.7158427575803523,1.5733603370378682,1.7820038153336686,0.009,0.00053,0.0038,-0.020606557685715732,0.05108660847253618,-0.012164437831001023,0.043630955755894596,0.04454952637428183,-0.4625539116306245,True,True,0.030146065494610484,-0.4033651538405349,-0.06541915393143682,0.021842757580352368,-0.038618154623044174,0.012894189834918754,-0.1206396629621318,0.08800381533366863,-0.0712158577108216,0.05195030421113851,-1.6683702823700677,-0.3059215379192406,0.3944516808262163,0.020606557685715732,0.012164437831001023,0.4033651538405349,False,False
7301,7320,V*_NW_Cam_B,1.025,0.009,0.009,1.649,0.051,0.051,6795.18,24.87,24.87,5.22,0.83,0.72,0.047,0.072,0.072,4.014,0.034,0.034,0.229,0.021,0.021,,MS,,,Xiong23,,,,,EB,5.971,0.012,False,False,0.074,0.0069,0.0069,0.747,0.023,0.023,1.9674872400867705,0.0814827514073196,1.885962040462842,2.0491622791657136,1.815928770993532,2.120480711879197,0.051,0.0069,0.023,0.31848724008677043,0.09612720102503268,0.1931396240671743,0.08160011935143574,0.09622670875681323,3.3097592570858896,False,False,0.06167161281052888,3.3131854115239716,0.23696204046284208,0.40016227916571356,0.1437004490375028,0.2426696659585892,0.16692877099353187,0.47148071187919705,0.10123030381657482,0.28591917033304853,-1.1307682802690238,-0.12667939818460122,0.7176705030022621,0.31848724008677043,0.1931396240671743,3.3131854115239716,True,True
7302,7321,"ZTF_J034350,31+515137,1_A",1.061,0.043,0.043,1.487,0.154,0.154,5901.86,73.94,73.94,2.42,1.53,0.94,0.026,0.055,0.055,4.323,0.093,0.093,0.32,0.1,0.1,,MS,,,Xiong23,,,,,EB,9.015,0.094,True,True,0.0126,0.004,0.004,0.419,0.044,0.044,1.76885785581558,11.883058653828147,1.048133502827208,1.3220849317157777,0.1406234877946141,2.569847628677235,0.154,0.004,0.044,0.28185785581558,11.884056503160863,0.18954798642607934,0.1369757144442848,0.2061027567683709,1.3675598533228095,False,True,7.9922465436396575,0.02371731030903571,-0.438866497172792,-0.16491506828422242,-0.2951355058324089,-0.11090455163700229,-1.346376512205386,1.0828476286772348,-0.905431413722519,0.728209568713675,-1.899629454882437,-0.3777859770337047,0.38381536598043126,0.28185785581558,0.18954798642607934,0.02371731030903571,False,False
7304,7323,UCAC4_576-009710_A,1.265,0.009,0.009,1.131,0.161,0.161,6164.53,14.12,14.12,1.67,1.55,0.8,-0.087,0.013,0.013,4.272,0.023,0.023,0.87,0.37,0.37,,MS,,,Xiong23,,,,,EB,11.81,0.02,True,True,0.0028,0.0012,0.0012,0.251,0.036,0.036,1.241277187721337,0.0257748259361853,1.2193410280407837,1.2644878204073915,1.1926278482516133,1.297502187941621,0.161,0.0012,0.036,0.1102771877213371,0.16305012006141134,0.09750414475803457,0.022573396183303895,0.16257477730339476,0.678316707858928,False,False,0.15788518956976186,0.6763391997491459,0.0883410280407837,0.1334878204073915,0.07810877810856207,0.11802636640795003,0.06162784825161327,0.16650218794162108,0.05448969783520183,0.1472167886309647,-2.5528419686577806,-0.6003262785189618,0.22271647114758325,0.1102771877213371,0.09750414475803457,0.6763391997491459,False,False
7308,7327,V*_V1250_Tau_A,1.238,0.004,0.004,1.914,0.092,0.092,6512.94,20.18,20.18,5.94,1.49,1.19,0.021,0.019,0.019,4.064,0.033,0.033,0.177,0.025,0.025,,MS,,,Xiong23,,,,,EB,9.16,0.007,True,False,0.0294,0.0042,0.0042,0.551,0.027,0.027,1.8681011522434872,0.0781303037821899,1.7947991631623708,1.9363969101023724,1.7370856540482649,2.048797196811595,0.092,0.0042,0.027,-0.04589884775651276,0.12069939672217618,-0.023980589214478976,0.0707988734700008,0.11608824438598933,-0.39537894641511423,True,True,0.06218721767623815,-0.3802740444690204,-0.11920083683762916,0.022396910102372436,-0.06227838915236634,0.011701624922869611,-0.17691434595173505,0.13479719681159508,-0.09243173769683127,0.07042695758181561,-1.5316526695878427,-0.2588484011482149,0.7737864449811935,0.04589884775651276,0.023980589214478976,0.3802740444690204,False,False
7309,7328,V*_V1250_Tau_B,1.238,0.004,0.004,1.659,0.119,0.119,6503.42,111.53,111.53,4.44,1.96,1.36,0.021,0.019,0.019,4.09,0.088,0.088,0.271,0.058,0.058,,MS,,,Xiong23,,,,,EB,9.16,0.007,True,False,0.0191,0.0041,0.0041,0.478,0.034,0.034,1.6869053835952534,1.0566923982110907,1.5887823385182454,1.9209147690677293,1.432378637074524,2.110715728030127,0.119,0.0041,0.034,0.027905383595253408,1.0633719125673324,0.016820604939875472,0.16606621527474197,0.20430121843904148,0.13658941345755946,True,True,0.6411077599159795,0.026242355346663762,-0.07021766148175468,0.26191476906772926,-0.04232529323794736,0.157875086840102,-0.22662136292547608,0.45171572803012716,-0.13660118319799644,0.2722819337131568,-1.7189666327522726,-0.3205721033878811,0.6473829701146199,0.027905383595253408,0.016820604939875472,0.026242355346663762,False,False
7312,7331,HD285001_A,1.324,0.016,0.016,2.399,0.078,0.078,6692.25,14.63,14.63,10.4,1.71,1.47,-0.108,0.013,0.013,3.998,0.024,0.024,0.0959,0.0094,0.0094,,MS,,,Xiong23,,,,,EB,14.957,0.039,True,True,0.0153,0.0015,0.0015,0.441,0.014,0.014,2.083458872978821,0.0753789479309326,2.012123330454917,2.1543657766281306,1.9414617836503856,2.2394443922630285,0.078,0.0015,0.014,-0.315541127021179,0.1084711288370055,-0.1315302738729383,0.07112122308660673,0.10555675427624175,-2.9893030454063476,False,False,0.04224462541802673,-2.9089872153476697,-0.38687666954508293,-0.24463422337186946,-0.16126580639644975,-0.10197341532799895,-0.45753821634961445,-0.15955560773697153,-0.19072039030830115,-0.06650921539682014,-1.8153085691824011,-0.35556141053216145,1.0170333392987803,0.315541127021179,0.1315302738729383,2.9089872153476697,True,False
7313,7332,HD285001_B,1.573,0.016,0.016,1.699,0.202,0.202,6300.44,79.4,79.4,4.1,3.08,1.76,-0.108,0.013,0.013,4.174,0.162,0.162,0.32,0.11,0.11,,MS,,,Xiong23,,,,,EB,14.957,0.039,True,True,0.0041,0.0015,0.0015,0.288,0.034,0.034,4.574435257808343,54.299905702499785,1.3363463562503115,1.7471239514079968,0.0351566212109237,2.5751532686295096,0.202,0.0015,0.034,2.875435257808343,54.30028142929251,1.6924280505052047,0.20538879757884265,0.28807734754902686,9.9814694986352,True,True,31.961524043885046,0.05295433434452105,-0.36265364374968856,0.048123951407996746,-0.21345123234237112,0.02832486839787919,-1.6638433787890763,0.8761532686295095,-0.9793074625009277,0.5156876213240197,-2.3872161432802645,-0.5406075122407692,0.6127838567197355,2.875435257808343,1.6924280505052047,0.05295433434452105,False,False
7316,7335,UCAC4_570-022931_A,1.271,0.04,0.04,2.225,0.151,0.151,6436.53,24.81,24.81,7.66,2.84,2.07,0.063,0.023,0.023,4.05,0.041,0.041,0.115,0.024,0.024,,MS,,,Xiong23,,,,,EB,15.9,0.12,True,True,0.0083,0.0017,0.0017,0.363,0.025,0.025,1.9116789354091657,0.1047048725586459,1.8083239135318057,2.0196657975913204,1.7188799844360068,2.1317456708520166,0.151,0.0017,0.025,-0.3133210645908344,0.18375013017008254,-0.14081845599588064,0.10567094202975735,0.18430232768322904,-1.7000385645120948,False,False,0.07492910892202626,-1.7051474428933389,-0.41667608646819443,-0.20533420240867972,-0.1872701512216604,-0.09228503479041784,-0.5061200155639933,-0.09325432914798348,-0.2274696699164015,-0.04191205804403752,-2.0809219076239263,-0.4400933749638875,0.884228769632604,0.3133210645908344,0.14081845599588064,1.7051474428933389,False,False
7322,7341,V*_LO_Gem_A,1.589,0.007,0.007,2.312,0.174,0.174,6474.07,13.87,13.87,8.47,3.52,2.49,0.083,0.012,0.012,3.974,0.023,0.023,0.129,0.029,0.029,,MS,,,Xiong23,,,,,EB,10.544,0.011,True,False,0.0333,0.0075,0.0075,0.576,0.043,0.043,2.1188039192052086,0.0787016614497719,2.0448246260344685,2.200234158510328,1.9643921796262929,2.2697993469488407,0.174,0.0075,0.043,-0.19319608079479123,0.19097107507409208,-0.08356231868286819,0.07770476623792977,0.1905624063032667,-1.0138205354488083,False,False,0.07691363839662642,-1.0116510090328386,-0.26717537396553137,-0.11176584148967184,-0.11556028285706375,-0.048341626941899585,-0.34760782037370697,-0.042200653051159165,-0.15034940327582483,-0.018252877617283378,-1.47755576649368,-0.239577516576788,0.927883410330707,0.19319608079479123,0.08356231868286819,1.0116510090328386,False,False
7323,7342,V*_LO_Gem_B,1.552,0.007,0.007,1.515,0.236,0.236,5769.75,113.98,113.98,2.29,2.51,1.2,0.083,0.012,0.012,4.267,0.223,0.223,0.45,0.21,0.21,,MS,,,Xiong23,,,,,EB,10.544,0.011,True,False,0.0097,0.0046,0.0046,0.381,0.059,0.059,0.5018849967086598,19.873371980177623,1.0612895792421624,1.614320856905658,-0.5877459974073396,4.112320665132275,0.236,0.0046,0.059,-1.01311500329134,19.874773202794266,-0.6687227744497295,0.2765156388317478,0.36353390284611636,-2.7868515023210665,True,True,13.117838786547628,-0.05097492147225623,-0.4537104207578375,0.09932085690565806,-0.29947882558273103,0.06555832138987332,-2.1027459974073395,2.5973206651322753,-1.3879511534041846,1.7144030792952314,-2.0132282657337552,-0.4190750243243807,0.359835482339888,1.01311500329134,0.6687227744497295,0.05097492147225623,False,False
7336,7355,TYC_1332-131-1_A,1.2,0.014,0.014,2.412,0.21,0.21,6082.8,7.88,7.88,7.18,3.54,2.37,-0.078,0.006,0.006,3.992,0.011,0.011,0.086,0.022,0.022,,MS,,,Xiong23,,,,,EB,12.375,0.033,True,True,0.0256,0.0067,0.0067,0.525,0.046,0.046,1.9050717738649388,0.0499745096183934,1.856662721962016,1.9512025767333647,1.81779241129175,2.0012180847962715,0.21,0.0067,0.046,-0.5069282261350612,0.21586442877787643,-0.21016924798302702,0.04726992738567437,0.21525437518212473,-2.3550193844197307,False,False,0.07181987141594806,-2.34836387358979,-0.5553372780379839,-0.4607974232666352,-0.23023933583664344,-0.19104370782198807,-0.5942075887082499,-0.4107819152037284,-0.24635472168667077,-0.17030759336804663,-1.5917600346881504,-0.2798406965940431,0.8561244442423003,0.5069282261350612,0.21016924798302702,2.34836387358979,True,False
7337,7356,TYC_1332-131-1_B,1.309,0.014,0.014,1.551,0.159,0.159,6017.11,128.33,128.33,2.84,1.9,1.14,-0.078,0.006,0.006,4.173,0.133,0.133,0.35,0.11,0.11,,MS,,,Xiong23,,,,,EB,12.375,0.033,True,True,0.0059,0.0018,0.0018,0.324,0.033,0.033,1.2084855842650142,4.222618815406789,1.246336675000518,1.6415502948492475,-1.5504372549503995,3.2388573410997177,0.159,0.0018,0.033,-0.34251441573498576,4.225611276516977,-0.2208345684945105,0.19760680992436475,0.25363251236480705,-1.350435764490387,True,True,2.7236852273881325,-0.08105677340422765,-0.3046633249994819,0.09055029484924759,-0.19643025467406958,0.058381879335427204,-3.1014372549503992,1.6878573410997177,-1.9996371727597675,1.0882381309475937,-2.2291479883578558,-0.48945498979338786,0.45331834004703764,0.34251441573498576,0.2208345684945105,0.08105677340422765,False,False
7338,7357,"ASASSN-V_J063123,82+192341,9_A",1.583,0.057,0.057,1.724,0.048,0.048,6418.18,51.45,51.45,4.55,0.72,0.62,-0.258,0.037,0.037,4.185,0.062,0.062,0.309,0.028,0.028,,MS,,,Xiong23,,,,,EB,6.75,0.075,True,False,0.0336,0.0035,0.0035,0.588,0.02,0.02,1.531183978732641,0.0923897884561233,1.4451086411225955,1.6193737727185973,1.3693126149015735,1.7051186408729773,0.048,0.0035,0.02,-0.19281602126735908,0.10411471082881235,-0.11184223971424541,0.08713256579800088,0.09947906323716038,-1.9382573075470286,False,False,0.059020466894893764,-1.8519575162091295,-0.27889135887740446,-0.1046262272814027,-0.16176992974327406,-0.06068806686856305,-0.35468738509842646,-0.018881359127022712,-0.2057351421684608,-0.01095206445882988,-1.473660722610156,-0.23062267392386154,0.6580113966571124,0.19281602126735908,0.11184223971424541,1.8519575162091295,False,False
7340,7359,UCAC4_555-031577_A,1.151,0.04,0.04,1.572,0.144,0.144,6546.17,39.09,39.09,4.09,2.17,1.42,-0.384,0.027,0.027,4.124,0.044,0.044,0.296,0.082,0.082,,MS,,,Xiong23,,,,,EB,11.46,0.11,True,True,0.0066,0.0018,0.0018,0.338,0.031,0.031,1.6011062359309998,0.0875687928784267,1.5106784759888523,1.6927850440758647,1.4401555994299278,1.767416306853015,0.144,0.0018,0.031,0.029106235930999702,0.1685357335587465,0.018515417258905664,0.09105328404350621,0.17037224109316465,0.17083907416046457,True,True,0.10866375197250673,0.172700680837243,-0.061321524011147766,0.12078504407586466,-0.039008603060526566,0.07683526976836173,-0.1318444005700723,0.19541630685301503,-0.0838704838232012,0.12431062776909353,-2.1804560644581312,-0.47108329972234525,0.6117233080073418,0.029106235930999702,0.018515417258905664,0.172700680837243,False,False
7341,7360,UCAC4_555-031577_B,0.85,0.04,0.04,1.132,0.11,0.11,5736.81,52.19,52.19,1.25,0.72,0.46,-0.384,0.027,0.027,4.259,0.114,0.114,0.59,0.17,0.17,,MS,,,Xiong23,,,,,EB,11.46,0.11,True,True,0.004,0.0012,0.0012,0.28,0.028,0.028,0.9394619229600212,3.2191562725653493,0.9830264378982636,1.2960565539060565,-1.1247286875978286,3.24049338629917,0.11,0.0012,0.028,-0.19253807703997872,3.2210350987216567,-0.17008664049468086,0.15651505800389642,0.19130332820409335,-1.0064544033158067,True,True,2.844920886208056,-0.05977521856759399,-0.1489735621017363,0.16405655390605656,-0.1316020866623112,0.14492628436930793,-2.2567286875978283,2.1084933862991697,-1.9935765791500253,1.8626266663420228,-2.3979400086720375,-0.5528419686577808,0.09691001300805642,0.19253807703997872,0.17008664049468086,0.05977521856759399,False,False
7344,7363,"ZTF_J064726,39+223431,6_A",1.407,0.011,0.011,1.501,0.05,0.05,6193.17,39.2,39.2,2.99,0.53,0.45,-0.25,0.11,0.11,4.09,0.08,0.08,0.416,0.042,0.042,,MS,,,Xiong23,,,,,EB,6.616,0.013,True,False,0.0335,0.0034,0.0034,0.579,0.019,0.019,1.5232108828884905,0.212818307028889,1.4539362038825117,1.617341185636911,1.2286078942702352,1.771926425176766,0.05,0.0034,0.019,0.022210882888490602,0.2186129726403318,0.014797390332105665,0.08170249087719972,0.09578777069928553,0.23187597671751922,True,True,0.1457584125648244,0.10159910740993659,-0.04706379611748823,0.1163411856369112,-0.031354960771144726,0.07750911767948782,-0.2723921057297647,0.270926425176766,-0.18147375465007642,0.18049728526100337,-1.4749551929631548,-0.23732143627256383,0.4756711883244297,0.022210882888490602,0.014797390332105665,0.10159910740993659,False,False
7352,7375,"ASASSN-V_J172607,12+564531,5_A",1.069,0.04,0.04,1.272,0.241,0.241,5845.57,42.64,42.64,1.7,2.38,0.99,-0.114,0.041,0.041,4.366,0.07,0.07,0.52,0.3,0.3,,MS,,,Xiong23,,,,,EB,14.41,0.13,True,True,0.0021,0.0012,0.0012,0.23,0.044,0.044,1.0255250073881133,0.7216877869074219,0.9839608621263664,1.1078013681419012,0.7114900633827664,1.5656861253931058,0.241,0.0012,0.044,-0.24647499261188677,0.7608641546106193,-0.19376964827978518,0.061920253007767434,0.24882748588639866,-0.9905456856338374,False,True,0.5875678769338155,-0.3239408652889202,-0.28803913787363367,-0.1641986318580988,-0.22644586310820256,-0.12908697473120975,-0.5605099366172336,0.2936861253931058,-0.44065246589405155,0.23088531870527185,-2.677780705266081,-0.638272163982407,0.2304489213782739,0.24647499261188677,0.19376964827978518,0.3239408652889202,False,False
7353,7376,"ASASSN-V_J172607,12+564531,5_B",1.017,0.04,0.04,1.452,0.246,0.246,6131.13,282.37,282.37,2.69,3.85,1.58,-0.114,0.041,0.041,4.121,0.199,0.199,0.33,0.17,0.17,,MS,,,Xiong23,,,,,EB,14.41,0.13,True,True,0.0034,0.0018,0.0018,0.269,0.046,0.046,3.272020318542204,41.224162837869855,1.3267777593340198,1.817581210431052,-1.2730817157626366,4.457881304703172,0.246,0.0018,0.046,1.8200203185422041,41.22489681834522,1.2534575196571653,0.24540172554851614,0.3474737499469409,5.23786420936868,True,True,28.39386357257799,0.04414857183420017,-0.1252222406659802,0.3655812104310521,-0.08624121257987617,0.2517776931343334,-2.7250817157626366,3.0058813047031716,-1.8767780411588406,2.070166187812102,-2.468521082957745,-0.5702477199975919,0.42975228000240795,1.8200203185422041,1.2534575196571653,0.04414857183420017,False,False
7354,7379,UCAC4_625-128029_A,1.187,0.007,0.007,1.825,0.149,0.149,6016.9,32.34,32.34,3.94,1.82,1.24,-0.105,0.02,0.02,4.239,0.03,0.03,0.195,0.048,0.048,,MS,,,Xiong23,,,,,EB,19.905,0.03,True,True,0.00215,0.00053,0.00053,0.232,0.019,0.019,1.3162325879186627,0.0360787193749268,1.283328085035906,1.3462086463893763,1.251779167072674,1.389857808969947,0.149,0.00053,0.019,-0.5087674120813372,0.15330581851885047,-0.2787766641541574,0.03144028067673521,0.15228096154487564,-3.340978457976237,False,False,0.06211343802197306,-3.3186438518560157,-0.5416719149640941,-0.47879135361062364,-0.2968065287474488,-0.2623514266359582,-0.5732208329273261,-0.435142191030053,-0.31409360708346634,-0.2384340772767414,-2.6675615400843946,-0.6345120151091003,0.5954962218255742,0.5087674120813372,0.2787766641541574,3.3186438518560157,True,True
7356,7381,V*_V714_And_A,1.617,0.103,0.103,2.459,0.046,0.046,6227.49,10.93,10.93,8.2,0.75,0.69,0.168,0.01,0.01,4.078,0.018,0.018,0.1088,0.0092,0.0092,,MS,,,Xiong23,,,,,EB,18.13,0.3,True,True,0.00696,0.00075,0.00075,0.343,0.011,0.011,1.932577665945476,0.0558485069829588,1.87664144069228,1.989277575347795,1.8222430020716147,2.0363862165800226,0.046,0.00075,0.011,-0.526422334054524,0.072353684994101,-0.2140798430477934,0.05631806732775746,0.07271674296565972,-7.239355237666867,False,False,0.027055119542943925,-7.275681039568935,-0.5823585593077201,-0.46972242465220515,-0.23682739296775926,-0.1910217261700712,-0.6367569979283854,-0.42261378341997746,-0.25894957215469105,-0.17186408435135317,-2.157390760389438,-0.46470587995722945,0.9138138523837167,0.526422334054524,0.2140798430477934,7.275681039568935,True,True
7357,7382,V*_V714_And_B,1.344,0.103,0.103,1.717,0.026,0.026,6396.25,36.37,36.37,4.45,0.41,0.37,0.168,0.01,0.01,4.096,0.057,0.057,0.266,0.024,0.024,,MS,,,Xiong23,,,,,EB,18.13,0.3,True,True,0.00318,0.00034,0.00034,0.2609,0.0085,0.0085,1.7349622696067288,0.0899067993680764,1.640911277927184,1.8268776254009085,1.5747757351134075,1.9113981692926425,0.026,0.00034,0.0085,0.017962269606728754,0.0935907718346822,0.01046142667835105,0.09298317373686227,0.0965498347910524,0.1860414328579812,True,True,0.0545525326026206,0.19192351184427806,-0.07608872207281614,0.1098776254009084,-0.044314922581721684,0.06399395771747722,-0.14222426488659257,0.19439816929264242,-0.08283300226359497,0.11321966761365312,-2.4975728800155674,-0.5835259208997792,0.6483600109809317,0.017962269606728754,0.01046142667835105,0.19192351184427806,False,False
7362,7389,V*_V644_Aur_A,1.017,0.012,0.012,1.495,0.052,0.052,6510.0,10.0,10.0,3.62,0.63,0.54,-0.26,0.0,0.0,4.15,0.0,0.0,0.304,0.032,0.032,,MS,,,Xiong23,,,,,EB,4.557,0.012,True,False,0.118,0.012,0.012,0.875,0.031,0.031,1.5393264643586404,0.0460076634652209,1.506243493019581,1.5684410398786983,1.4640580047311509,1.6118006432381329,0.052,0.012,0.031,0.044326464358640294,0.0694312976800018,0.029649808935545346,0.03109877342955869,0.06058988124120252,0.7315819646878144,False,True,0.04721966677082225,0.6384219485992351,0.01124349301958083,0.07344103987869821,0.007520731116776475,0.04912444139043358,-0.03094199526884922,0.11680064323813277,-0.02069698680190583,0.07812752056062393,-0.9281179926938746,-0.057991946977686754,0.5587085705331657,0.044326464358640294,0.029649808935545346,0.6384219485992351,False,False
7368,7395,"ZTF_J130159,39+540458,5_A",0.923,0.043,0.043,1.413,0.105,0.105,6383.82,17.57,17.57,2.99,1.22,0.87,-0.289,0.016,0.016,4.15,0.029,0.029,0.327,0.075,0.075,,MS,,,Xiong23,,,,,EB,5.277,0.051,True,False,0.076,0.017,0.017,0.748,0.057,0.057,1.4968138111963618,0.0527636961857952,1.4460109982862708,1.5523338699820837,1.4041284206775118,1.5985348846331355,0.105,0.017,0.057,0.08381381119636178,0.11751173403191231,0.0593162145763353,0.053161435847906446,0.11769085886937469,0.7121522606049369,False,True,0.08712567070387063,0.7132378046059699,0.03301099828627074,0.13933386998208364,0.023362348397926922,0.0986085420963083,-0.008871579322488277,0.1855348846331355,-0.00627854162950338,0.13130565083732165,-1.1191864077192086,-0.12609840213553863,0.4756711883244297,0.08381381119636178,0.0593162145763353,0.7132378046059699,False,False
7370,7397,"ASAS_J051753-5406,0_A",1.3094,0.0051,0.0051,1.9288,0.003,0.003,6462.0,43.0,43.0,5.83,0.15,0.15,0.0,0.2,0.2,3.9836,0.0012,0.0012,0.1825,0.0011,0.0011,,MS,F,,Miller22,,,,,EB,49.718,0.09,True,True,0.0001629,1.3e-06,1.3e-06,0.09823,0.00026,0.00026,1.9835353574865724,0.0431127373432085,1.9421495153378228,2.024134734620573,1.8951115471524889,2.0700764256445083,0.003,1.3e-06,0.00026,0.05473535748657232,0.043216988803299154,0.028377933163921776,0.04099260964137508,0.04110223893184113,1.3316879787823401,False,True,0.022409260673096246,1.2665240916181986,0.013349515337822693,0.09533473462057285,0.006921150631388787,0.049426967347870616,-0.03368845284751121,0.14127642564450826,-0.017466016615258817,0.07324576194758828,-3.7880789156914907,-1.0077558559532285,0.7656685547590141,0.05473535748657232,0.028377933163921776,1.2665240916181986,False,False
7371,7398,"ASAS_J051753-5406,0_B",1.0896,0.0034,0.0034,1.1815,0.0037,0.0037,6331.0,43.0,43.0,2.02,0.06,0.06,0.0,0.2,0.2,4.3297,0.0026,0.0026,0.6606,0.0065,0.0065,,MS,F,,Miller22,,,,,EB,49.718,0.09,True,True,5.023e-05,5.8e-07,5.8e-07,0.06544,0.00025,0.00025,1.202244075381966,0.0205560564976429,1.1826351242203448,1.2197919121584773,1.162979586058366,1.2419383258172023,0.0037,5.8e-07,0.00025,0.0207440753819661,0.020886394105596277,0.017557406163322978,0.018578393969066243,0.018943250050343446,1.0950642221813465,False,True,0.01768768507773336,0.993186055816497,0.0011351242203447853,0.03829191215847727,0.000960748387934647,0.03240957440412803,-0.01852041394163395,0.06043832581720232,-0.015675339772859884,0.051153894047568614,-4.299036821840451,-1.1841567093367333,0.3053513694466238,0.0207440753819661,0.017557406163322978,0.993186055816497,False,False
7378,7405,"ASAS_J231922-0852,2_A",1.136,0.001,0.001,1.64,0.004,0.004,6266.14,18.8,18.8,3.74,0.11,0.11,-0.39,0.07,0.07,4.064,0.005,0.005,0.2575,0.0019,0.0019,,MS,,,Xiong23,,,,,EB,18.04,0.015,True,True,0.0022,1.7e-05,1.7e-05,0.23341,0.00061,0.00061,1.6273310026543553,0.0282556899116123,1.6026116305068543,1.6500049447266822,1.5815848178504526,1.692587350397832,0.004,1.7e-05,0.00061,-0.01266899734564464,0.02853741425534537,-0.0077249983814906345,0.023696657109913977,0.02403188628020773,-0.5271744880084015,True,True,0.01739823140420934,-0.44394342221358046,-0.03738836949314561,0.010004944726682341,-0.022797786276308303,0.0061005760528550865,-0.05841518214954733,0.05258735039783202,-0.03561901350582154,0.032065457559653676,-2.657577319177794,-0.631880541384971,0.5728716022004802,0.01266899734564464,0.0077249983814906345,0.44394342221358046,False,False
7379,7406,"ASAS_J231922-0852,2_B",1.006,0.001,0.001,1.11,0.01,0.01,6237.35,43.66,43.66,1.68,0.13,0.12,-0.39,0.07,0.07,4.35,0.018,0.018,0.736,0.02,0.02,,MS,,,Xiong23,,,,,EB,18.04,0.015,True,True,0.000828,2.3e-05,2.3e-05,0.167,0.0015,0.0015,1.071820778789342,0.0184740673640826,1.0549614682410209,1.0881553311318797,1.0409679921658472,1.1138682242190314,0.01,2.3e-05,0.0015,-0.0381792212106582,0.021006931355451747,-0.034395694784376755,0.016596931445429397,0.01937674207405061,-1.9703632873241332,False,True,0.01877963167101568,-1.817458274349522,-0.055038531758979214,-0.02184466886812042,-0.049584262845927214,-0.019679881863171548,-0.06903200783415286,0.0038682242190313243,-0.06219099804878636,0.0034848866838120035,-3.0819696632151197,-0.7772835288524167,0.22530928172586284,0.0381792212106582,0.034395694784376755,1.817458274349522,False,False
7380,7407,"ASAS_J171750-1915,3_A",1.357,0.001,0.001,1.676,0.003,0.003,6531.31,58.78,58.78,4.61,0.4,0.37,0.04,0.12,0.12,4.122,0.003,0.003,0.2882,0.0016,0.0016,,MS,F,,Xiong23,,,,,EB,12.564,0.009,True,True,0.007597,4.4e-05,4.4e-05,0.35133,0.00068,0.00068,1.6875958625710823,0.0318414468655793,1.658081801162782,1.715901436380208,1.6277791419169334,1.753267185796758,0.003,4.4e-05,0.00068,0.01159586257108236,0.03198245985682636,0.006918772417113581,0.02890981760871303,0.029065057271043762,0.3989623162599032,True,True,0.019083778940584717,0.36256944034301136,-0.017918198837217902,0.039901436380208155,-0.010691049425547675,0.023807539606329448,-0.04822085808306653,0.07726718579675818,-0.028771395037629197,0.04610213949687242,-2.1193578735957153,-0.45428476430368625,0.6637009253896482,0.01159586257108236,0.006918772417113581,0.36256944034301136,False,False
7381,7408,"ASAS_J171750-1915,3_B",1.345,0.001,0.001,1.648,0.003,0.003,6501.3,58.51,58.51,4.38,0.38,0.35,0.04,0.12,0.12,4.133,0.003,0.003,0.3005,0.0017,0.0017,,MS,F,,Xiong23,,,,,EB,12.564,0.009,True,True,0.007325,4.3e-05,4.3e-05,0.34687,0.00068,0.00068,1.6538397353136398,0.0302651383080767,1.6230077556591282,1.6841278762903615,1.6030706917472206,1.7153514090268998,0.003,4.3e-05,0.00068,0.005839735313639904,0.030413460783130418,0.003543528709732952,0.030560060315616644,0.030706958274862185,0.19017628712579196,True,True,0.01845540729949146,0.19201153578941133,-0.02499224434087166,0.03612787629036163,-0.015165196808781348,0.02192225503055924,-0.0449293082527793,0.06735140902689984,-0.027262929765035984,0.04086857343865282,-2.135192370973853,-0.45983325967900684,0.6414741105040995,0.005839735313639904,0.003543528709732952,0.19201153578941133,False,False
7382,7409,"ASAS_J163903-2847,2_A",1.421,0.002,0.002,2.157,0.003,0.003,6637.43,33.19,33.19,8.15,0.38,0.37,-0.19,0.16,0.16,3.923,0.002,0.002,0.14159,0.00062,0.00062,,MS,,,Xiong23,,,,,EB,47.0,0.04,True,True,0.0002624,1.3e-06,1.3e-06,0.11529,0.00019,0.00019,2.233088061257785,0.0500987949898659,2.185373527031735,2.2832996066038054,2.1427563021937703,2.3331700255677803,0.003,1.3e-06,0.00019,0.076088061257785,0.050188537131865205,0.035274947268328694,0.04896303978603522,0.049054859749966345,1.551081006970715,False,True,0.02327073431874339,1.516044611100568,0.028373527031734902,0.12629960660380535,0.013154161813507141,0.05855336421131448,-0.014243697806229694,0.17617002556778028,-0.006603476034413395,0.08167363262298576,-3.5810361692963775,-0.9382083608159888,0.9111576087399766,0.076088061257785,0.035274947268328694,1.516044611100568,False,False
7383,7410,"ASAS_J163903-2847,2_B",1.141,0.001,0.001,1.224,0.002,0.002,6591.74,164.79,164.79,2.55,0.66,0.53,-0.19,0.16,0.16,4.32,0.003,0.003,0.6222,0.0031,0.0031,,MS,,,Xiong23,,,,,EB,47.0,0.04,True,True,6.81e-05,3.9e-07,3.9e-07,0.07232,0.00014,0.00014,1.2336906166899797,0.0403125076663431,1.1991862449521131,1.2669817515469997,1.1623080091007814,1.3043911054775803,0.002,3.9e-07,0.00014,0.009690616689979725,0.04036208956866544,0.00791717049834945,0.03389775329744327,0.03395670299976613,0.2853815545651316,True,True,0.032976206929308645,0.2400920466095716,-0.024813755047886854,0.04298175154699968,-0.02027267569271802,0.03511581008741804,-0.06169199089921862,0.08039110547758033,-0.05040195334903482,0.06567900774312119,-4.166852888087215,-1.1407415825326932,0.4065401804339551,0.009690616689979725,0.00791717049834945,0.2400920466095716,False,False
7384,7411,"ASAS_J085002+1752,5_A",1.326,0.001,0.001,1.571,0.011,0.011,6561.45,91.86,91.86,4.12,0.59,0.52,-0.01,0.27,0.27,4.168,0.014,0.014,0.342,0.0072,0.0072,,MS,,,Xiong23,,,,,EB,18.076,0.012,True,True,0.002431,5.1e-05,5.1e-05,0.2386,0.0017,0.0017,1.5650633391365696,0.045460833153397,1.5192644281682888,1.6106241723981518,1.48078341860165,1.655480207739462,0.011,5.1e-05,0.0017,-0.005936660863430365,0.046772720158239675,-0.003778905705557203,0.04567987211493152,0.04698564372695662,-0.12635052736383778,True,True,0.029766366432436946,-0.12692571317951323,-0.05173557183171118,0.03962417239815186,-0.03293161797053544,0.025222261233705832,-0.09021658139834998,0.08448020773946197,-0.05742621349353914,0.053774798051853576,-2.6142150411566645,-0.6223295606656769,0.6148972160331346,0.005936660863430365,0.003778905705557203,0.12692571317951323,False,False
7391,7420,"ASAS_J090232-5653,4_B",1.372,0.008,0.008,1.392,0.003,0.003,6683.44,100.25,100.25,3.48,0.52,0.45,-0.15,0.13,0.13,4.244,0.007,0.007,0.5087,0.0044,0.0044,,MS,,,Xiong23,,,,,EB,44.75,0.17,True,True,0.0001006,1.5e-06,1.5e-06,0.08295,0.00039,0.00039,1.4121661412808737,0.0320925242343448,1.3807708732752892,1.4425433034774708,1.349140415439528,1.473306832687959,0.003,1.5e-06,0.00039,0.020166141280873795,0.03223243881142114,0.014487170460397842,0.030886215101090797,0.031031569139681758,0.6498588965997937,True,True,0.023158414503740163,0.6256473920219834,-0.011229126724710659,0.050543303477470936,-0.00806690138269444,0.036309844452206134,-0.04285958456047201,0.08130683268795913,-0.030789931437120697,0.05841008095399363,-3.9974020192800914,-1.0811836096396206,0.541579243946581,0.020166141280873795,0.014487170460397842,0.6256473920219834,False,False
7406,7435,BN_Scl_A,1.407,0.001,0.001,1.834,0.003,0.003,6309.57,18.93,18.93,4.81,0.13,0.13,-0.23,0.06,0.06,4.059,0.003,0.003,0.2281,0.0011,0.0011,,MS,F7,,Xiong23,,,,,EB,13.8252,0.0063,True,True,0.006827,3.5e-05,3.5e-05,0.34047,0.00058,0.00058,1.727602602839844,0.0230344875288611,1.707335435158451,1.748252922123512,1.6817379906408794,1.7719670339420002,0.003,3.5e-05,0.00058,-0.10639739716015617,0.023229025285561544,-0.058013847960826696,0.020458743482530406,0.020677528500378867,-5.145556789255867,False,False,0.012653865740281753,-4.580364257741351,-0.12666456484154898,-0.08574707787648816,-0.06906464822330914,-0.04675413188467185,-0.1522620093591207,-0.062032966057999905,-0.08302181535393713,-0.0338238637175572,-2.1657700971483225,-0.46792114926793105,0.6821450763738317,0.10639739716015617,0.058013847960826696,4.580364257741351,True,True
7407,7436,BN_Scl_B,1.244,0.001,0.001,1.38,0.004,0.004,6237.35,31.19,31.19,2.6,0.13,0.12,-0.23,0.06,0.06,4.256,0.006,0.006,0.4734,0.0041,0.0041,,MS,F8,,Xiong23,,,,,EB,13.8252,0.0063,True,True,0.003541,3.1e-05,3.1e-05,0.27101,0.0008,0.0008,1.2716321275768396,0.0189157469549196,1.2537273185543916,1.2896979939071334,1.2337237376019667,1.3056404455588515,0.004,3.1e-05,0.0008,-0.10836787242316026,0.019334049830869632,-0.07852744378489875,0.017985337676370894,0.018424776018532395,-5.88163852380943,False,False,0.013964865551293972,-5.605027056987054,-0.12627268144560833,-0.09030200609286654,-0.09150194307652777,-0.06543623629917865,-0.14627626239803315,-0.07435955444114839,-0.10599729159277765,-0.05388373510228145,-2.4508740732418888,-0.5670146837946243,0.414973347970818,0.10836787242316026,0.07852744378489875,5.605027056987054,True,True
7408,7437,AL_Ari_A,1.164,0.001,0.001,1.372,0.004,0.004,6367.96,25.47,25.47,2.79,0.11,0.11,-0.42,0.08,0.08,4.229,0.005,0.005,0.4507,0.004,0.004,,MS,F6,,Xiong23,,,,,EB,12.9503,0.0014,True,True,0.003166,2.8e-05,2.8e-05,0.26466,0.00077,0.00077,1.3152687022588498,0.0232380216159102,1.2956785627313223,1.33789600178427,1.2681254759279794,1.356258938090731,0.004,2.8e-05,0.00077,-0.056731297741150266,0.023579772022254787,-0.04134934237693168,0.021108719526473863,0.021484367341100343,-2.640584981649486,False,False,0.017166383799177287,-2.4059307141564723,-0.0763214372686778,-0.03410399821573007,-0.05562786972935699,-0.02485714155665457,-0.10387452407202069,-0.01574106190926905,-0.0757102945131346,-0.011473077193344788,-2.4994890894736628,-0.5773116918379491,0.44560420327359757,0.056731297741150266,0.04134934237693168,2.4059307141564723,True,False
7419,7448,KIC2557430_B,1.35,0.009,0.009,1.23,0.013,0.013,6053.41,302.67,302.67,1.83,1.08,0.68,-0.02,0.11,0.11,4.386,0.019,0.019,0.725,0.024,0.024,,MS,F,,Xiong23,,,,,EB,7.03,0.01,True,False,0.02074,0.00069,0.00069,0.4865,0.0053,0.0053,1.0614673481085242,0.0780090472462217,1.016217764207607,1.1041448269455945,0.9433521917160826,1.177445661150313,0.013,0.00069,0.0053,-0.16853265189147582,0.07908483705656381,-0.13701841617193156,0.04396353136899378,0.045845306089418794,-3.676115752455922,False,False,0.06407449087079391,-2.1310362158416827,-0.21378223579239308,-0.12585517305440552,-0.17380669576617325,-0.10232127890602075,-0.28664780828391734,-0.052554338849686966,-0.23304699860481085,-0.042727104755843064,-1.6831912479469777,-0.3129171553956293,0.26245108973042947,0.16853265189147582,0.13701841617193156,2.1310362158416827,True,False
7424,7453,KIC7821010_A,1.277,0.007,0.007,1.276,0.005,0.005,6714.29,67.14,67.14,2.99,0.3,0.27,0.1,0.08,0.08,4.332,0.007,0.007,0.6147,0.008,0.008,,MS,,,Xiong23,,,,,EB,47.83,0.2,True,True,5.9e-05,1.1e-06,1.1e-06,0.06969,0.00042,0.00042,1.3048205159877964,0.0259519437886851,1.2793908207100886,1.3308652759720985,1.252054064620395,1.3567029006208342,0.005,1.1e-06,0.00042,0.028820515987796336,0.026429214638559944,0.022586611275702457,0.025737227631004944,0.026218407391185382,1.099247393550143,False,True,0.020729476717030754,1.0904794706138377,0.00339082071008856,0.05486527597209845,0.0026573830016368024,0.042997865181895335,-0.023945935379604988,0.08070290062083418,-0.018766407037307985,0.06324678732040297,-4.229147988357856,-1.1568295354801021,0.4756711883244297,0.028820515987796336,0.022586611275702457,1.0904794706138377,False,False
7425,7454,KIC7821010_B,1.221,0.007,0.007,1.21,0.006,0.006,6561.45,72.18,72.18,2.45,0.27,0.24,0.1,0.08,0.08,4.359,0.009,0.009,0.689,0.011,0.011,,MS,,,Xiong23,,,,,EB,47.83,0.2,True,True,5.41e-05,1.1e-06,1.1e-06,0.06745,0.00045,0.00045,1.2225264024791211,0.0233881708942427,1.1992456368188045,1.2442244494958032,1.1767396408655606,1.2663917567328042,0.006,1.1e-06,0.00045,0.01252640247912118,0.02414552831847548,0.010352398743075355,0.022489406338499385,0.02327602623856006,0.5381675699595753,True,True,0.019967800195795547,0.5187876742185975,-0.010754363181195492,0.03422444949580328,-0.008887903455533464,0.0282846690047961,-0.033260359134439366,0.05639175673280428,-0.027487900111106914,0.04660475763041676,-4.266802734893431,-1.171018045992077,0.3891660843645325,0.01252640247912118,0.010352398743075355,0.5187876742185975,False,False
7426,7455,KIC3439031_A,1.226,0.001,0.001,1.407,0.001,0.001,6531.31,97.97,97.97,3.25,0.48,0.42,0.1,0.13,0.13,4.23,0.001,0.001,0.4402,0.001,0.001,,MS,F,,Xiong23,,,,,EB,18.646,0.13,True,True,0.001386,2.9e-05,2.9e-05,0.1992,0.0014,0.0014,1.4403122237016428,0.02952990448193,1.4122655398039323,1.4704821064977438,1.3810145907219875,1.4948372809713473,0.001,2.9e-05,0.0014,0.033312223701642774,0.02954683161883706,0.023676065175296926,0.02910828334690574,0.02912545552268239,1.1437494488523898,False,True,0.021000456574272033,1.1274381000095168,0.005265539803932295,0.06348210649774377,0.00374238792034989,0.04511876794438079,-0.025985409278012517,0.08783728097134724,-0.018468663310598803,0.06242877112391417,-2.858236769724212,-0.7007106659123201,0.5118833609788743,0.033312223701642774,0.023676065175296926,1.1274381000095168,False,False
7427,7456,KIC3439031_B,1.227,0.001,0.001,1.403,0.001,0.001,6531.31,97.97,97.97,3.23,0.48,0.42,0.1,0.13,0.13,4.233,0.002,0.002,0.4443,0.001,0.001,,MS,F,,Xiong23,,,,,EB,18.646,0.13,True,True,0.001372,2.9e-05,2.9e-05,0.1985,0.0014,0.0014,1.4399899372351717,0.0289403528239039,1.4133853269696537,1.4682752362474316,1.3833917962894993,1.4951532287582507,0.001,2.9e-05,0.0014,0.03698993723517163,0.028957624584417183,0.026364887551797313,0.027444954638888963,0.027463166880945702,1.3468926360723434,False,True,0.02064044692538456,1.2773816142045311,0.010385326969653663,0.06527523624743159,0.0074022287738087405,0.04652547130964475,-0.01960820371050076,0.09215322875825072,-0.013975911411618504,0.06568298557252368,-2.862645888629267,-0.7022394889008661,0.5092025223311029,0.03698993723517163,0.026364887551797313,1.2773816142045311,False,False
7430,7459,EPIC219568666_A,1.121,0.006,0.006,1.178,0.003,0.003,6137.62,42.96,42.96,1.77,0.12,0.11,0.07,0.03,0.03,4.346,0.005,0.005,0.6858,0.0064,0.0064,,MS,F8,,Xiong23,,,,,EB,27.086,0.089,True,True,0.0001917,2.5e-06,2.5e-06,0.1045,0.00045,0.00045,1.1537297610462265,0.012693129723318,1.143177168349666,1.165043390804364,1.1270589349686495,1.1784400788736853,0.003,2.5e-06,0.00045,-0.02427023895377345,0.013042834897865528,-0.020602919315597157,0.010933111227348968,0.011337236043656499,-2.1407544890408565,False,True,0.01106006539704319,-1.8608101033116118,-0.03482283165033384,-0.012956609195635904,-0.029560977631862346,-0.010998819351134045,-0.05094106503135043,0.0004400788736853567,-0.04324368848162176,0.00037358138682967463,-3.7173778871219376,-0.9808837095529273,0.24797326636180664,0.02427023895377345,0.020602919315597157,1.8608101033116118,False,False
7432,7461,AL_Dor_A,1.102,0.0,0.0,1.092,0.001,0.001,6053.41,30.27,30.27,1.44,0.07,0.06,-0.1,0.04,0.04,4.404,0.002,0.002,0.8463,0.0023,0.0023,,MS,F9,,Xiong23,,,,,EB,33.1727,0.0065,True,True,0.00011505,3.2e-07,3.2e-07,0.086893,8.1e-05,8.1e-05,1.0156605515172084,0.0150664378337155,1.0051745447066325,1.0261148309055734,0.9915123772037784,1.043996447067033,0.001,3.2e-07,8.1e-05,-0.07633944848279173,0.015099587709510939,-0.06990791985603638,0.010470143099470475,0.0105177895264827,-7.25812665204765,False,False,0.013823369128018835,-5.055730656454082,-0.0868254552933676,-0.06588516909442665,-0.07951049019539157,-0.06033440393262514,-0.1004876227962217,-0.048003552932966986,-0.09202163259727261,-0.04395929755766207,-3.939113376995338,-1.0610152084054412,0.15836249209524964,0.07633944848279173,0.06990791985603638,5.055730656454082,True,True
7433,7462,AL_Dor_B,1.103,0.0,0.0,1.098,0.001,0.001,6053.41,30.27,30.27,1.46,0.07,0.07,-0.1,0.04,0.04,4.399,0.002,0.002,0.8332,0.0023,0.0023,,MS,F9,,Xiong23,,,,,EB,33.1727,0.0065,True,True,0.00011679,3.3e-07,3.3e-07,0.087334,8.1e-05,8.1e-05,1.021710749505765,0.0125344495808251,1.0111051091322905,1.0316292458026683,0.9967925884274588,1.0451321152163755,0.001,3.3e-07,8.1e-05,-0.07628925049423518,0.012574276372588861,-0.06948019170695371,0.010262068335188945,0.010310676336501286,-7.399053951888703,False,False,0.011447123514066244,-6.0670887320833025,-0.08689489086770963,-0.06637075419733174,-0.07913924487040949,-0.060446952820885004,-0.10120741157254132,-0.052867884783624586,-0.09217432747954582,-0.04814925754428468,-3.932594341562176,-1.0588166481875179,0.1643528557844371,0.07628925049423518,0.06948019170695371,6.0670887320833025,True,True
7434,7463,"ASAS_J073507-0905,7_A",1.452,0.015,0.015,1.635,0.005,0.005,6397.35,44.78,44.78,4.04,0.28,0.26,-0.27,0.08,0.08,4.173,0.005,0.005,0.3322,0.0046,0.0046,,MS,F,,Xiong23,,,,,EB,7.06,0.05,True,False,0.02583,0.00064,0.00064,0.538,0.0044,0.0044,1.4939151412305578,0.0222371573118379,1.472801384967248,1.515954313558827,1.4510780717798004,1.5385341489477324,0.005,0.00064,0.0044,-0.1410848587694422,0.022792348832698785,-0.08629043349812979,0.02157646429578941,0.022148223664833152,-6.370030432438521,False,False,0.01388477269043937,-6.190009630206976,-0.1621986150327519,-0.11904568644117308,-0.09920404589159137,-0.07281081739521289,-0.1839219282201996,-0.09646585105226757,-0.11249047597565724,-0.05900052052126457,-1.5878755938266829,-0.2692177243336108,0.6063813651106049,0.1410848587694422,0.08629043349812979,6.190009630206976,True,True
7438,7467,EPIC219394517_A,1.078,0.001,0.001,1.055,0.005,0.005,5929.25,41.5,41.5,1.2,0.1,0.1,0.07,0.03,0.03,4.425,0.009,0.009,0.918,0.013,0.013,,MS,G0,,Xiong23,,,,,EB,18.954,0.012,True,True,0.0005508,7.9e-06,7.9e-06,0.14652,0.0007,0.0007,0.9945406020981646,0.0103643426131173,0.9845754248986784,1.0042370041351274,0.970820191095762,1.012533866322598,0.005,7.9e-06,0.0007,-0.0604593979018353,0.011507371454944832,-0.057307486162877064,0.009830789618224478,0.01102925312601856,-5.48173092148992,False,False,0.010792222724305038,-5.253971173047976,-0.0704245751013215,-0.05076299586487254,-0.0667531517548071,-0.04811658375817303,-0.08417980890423793,-0.04246613367740193,-0.07979128806088903,-0.04025225940985965,-3.259006068415114,-0.8341030900074926,0.07918124604762482,0.0604593979018353,0.057307486162877064,5.253971173047976,True,True
7439,7468,EPIC219394517_B,1.066,0.001,0.001,1.042,0.005,0.005,5874.89,41.12,41.12,1.2,0.1,0.1,0.07,0.03,0.03,4.43,0.01,0.01,0.942,0.014,0.014,,MS,G1,,Xiong23,,,,,EB,18.954,0.012,True,True,0.0005403,7.9e-06,7.9e-06,0.14546,0.00071,0.00071,0.9783603284729896,0.0116686717957482,0.9683819495001912,0.9884137153459576,0.9498876943946938,0.99605414108922,0.005,7.9e-06,0.00071,-0.06363967152701044,0.012694798205441848,-0.06107454081286991,0.01001588292288319,0.011194548259081432,-5.68488071641333,False,False,0.012070687005454526,-5.013051054228667,-0.07361805049980885,-0.05358628465404247,-0.0706507202493367,-0.05142637682729603,-0.09211230560530625,-0.04594585891078007,-0.08839952553292346,-0.04409391450170832,-3.267365032460804,-0.8372564167645845,0.07918124604762482,0.06363967152701044,0.06107454081286991,5.013051054228667,True,True
7442,7471,WASP_0639-32_A,1.155,0.002,0.002,1.834,0.01,0.01,6324.12,18.97,18.97,4.85,0.18,0.18,-0.33,0.1,0.1,3.974,0.011,0.011,0.1872,0.0031,0.0031,,Subgiant,F,,Xiong23,,,,,EB,26.964,0.031,True,True,0.000753,1.3e-05,1.3e-05,0.1647,0.00092,0.00092,1.870158723908355,0.034131245581111,1.8360815982743983,1.9043933164667064,1.7998297341146572,1.936228250434698,0.01,1.3e-05,0.00092,0.03615872390835495,0.03556602205642499,0.019715770942396373,0.03415585909615404,0.0355896433052697,1.0159900620021383,False,True,0.019423096412942324,1.0166648339527442,0.002081598274398244,0.07039331646670632,0.0011350045116675267,0.038382397201039434,-0.03417026588534289,0.10222825043469785,-0.01863155173682818,0.055740594566356515,-3.1232050237992994,-0.7833064008302456,0.6857417386022636,0.03615872390835495,0.019715770942396373,1.0166648339527442,False,False
7487,7516,KIC5193386_B,1.17,0.05,0.05,1.37,0.01,0.01,6622.0,127.0,127.0,3.25,0.25,0.25,-0.36,0.06,0.06,4.23,0.02,0.02,0.455,0.022,0.022,,,,,Benbakoura21,,,,,EB,44.34,0.34,True,True,0.0001094,5.5e-06,5.5e-06,0.0849,0.0013,0.0013,1.3721686803888349,0.0349562636727294,1.3386615136733455,1.4069219148916166,1.303345459513134,1.4384347144504788,0.01,5.5e-06,0.0013,0.002168680388834776,0.03635849790568061,0.0015829783860107853,0.03413020060913552,0.0355650192411003,0.06097790568122527,True,True,0.02654222985138685,0.059647139286685,-0.03133848632665459,0.03692191489161645,-0.02287480753770408,0.026950302840595946,-0.06665454048686614,0.06843471445047866,-0.04865294926048623,0.049952346314218,-3.960982678002588,-1.0710923097560474,0.5118833609788743,0.002168680388834776,0.0015829783860107853,0.059647139286685,False,False
7489,7518,KIC6307537_B,1.06,0.04,0.04,1.17,0.02,0.02,6387.0,306.0,306.0,2.05,0.4,0.4,0.0,0.4,0.4,4.33,0.02,0.02,0.662,0.042,0.042,,,,,Benbakoura21,,,,,EB,53.71,0.61,True,True,3.91e-05,3.2e-06,3.2e-06,0.0602,0.0015,0.0015,1.1921635228160172,0.240579681127795,1.1514450143064368,1.246708951657676,1.0268945042432474,1.365001503745919,0.02,3.2e-06,0.0015,0.0221635228160173,0.24140957514471442,0.018943181894031883,0.047631968675619585,0.051660472703172255,0.4290228419581676,True,True,0.2063600495551271,0.09180879757039978,-0.018554985693563175,0.076708951657676,-0.015858962131250577,0.06556320654502222,-0.14310549575675258,0.19500150374591918,-0.12231238953568598,0.16666795191958905,-4.407823242604133,-1.2204035087421754,0.31175386105575426,0.0221635228160173,0.018943181894031883,0.09180879757039978,False,False
7491,7520,KIC11235323_B,0.989,0.002,0.002,1.544,0.004,0.004,6319.0,254.0,254.0,3.42,0.55,0.55,-0.4,0.2,0.2,4.06,0.0,0.0,0.2687,0.0022,0.0022,,,,,Benbakoura21,,,,,EB,38.76,0.065,True,True,0.0002105,2.6e-06,2.6e-06,0.10611,0.00041,0.00041,1.652169096299595,0.0462254146873488,1.607048476387925,1.6987062026250246,1.563124026484954,1.7347640599348615,0.004,2.6e-06,0.00041,0.10816909629959492,0.04639815689246031,0.0700577048572506,0.045828863118549834,0.04600309440395045,2.3513439193843895,False,False,0.030066810363822027,2.33132312885412,0.06304847638792488,0.15470620262502455,0.040834505432593836,0.10019831776232159,0.019124026484953927,0.19076405993486145,0.01238602751616187,0.12355185228941803,-3.676747899828313,-0.974243685465586,0.534026106056135,0.10816909629959492,0.0700577048572506,2.33132312885412,True,False
12628,12659,TV_Cet_B,1.265,0.051,0.051,1.221,0.01,0.01,6575.0,150.0,150.0,2.51,0.23,0.23,-0.122,0.005,0.005,4.367,0.019,0.019,0.695,0.033,0.033,,MS,F5V,,Eker14+18,,,,,EB,25.15,0.25,True,True,0.000397,2.3e-05,2.3e-05,0.1308,0.0024,0.0024,1.1756304689613015,0.033425274955284,1.149036413460288,1.2036958703082692,1.1155206533250244,1.2329937050547657,0.01,2.3e-05,0.0024,-0.04536953103869856,0.034889095801357996,-0.0371576830783772,0.027329728423990618,0.029101787844204363,-1.558994632274248,False,True,0.028488464510845163,-1.3003928590471707,-0.07196358653971213,-0.017304129691730896,-0.058938236314260546,-0.014172096389623993,-0.10547934667497572,0.011993705054765602,-0.08638767131447642,0.00982285426270729,-3.401209493236885,-0.8833922560117515,0.3996737214810381,0.04536953103869856,0.0371576830783772,1.3003928590471707,False,False
12780,12813,BH_Vir_A,1.178,0.018,0.018,1.228,0.05,0.05,6100.0,100.0,100.0,1.88,0.2,0.2,-0.2839,0.0074,0.0074,4.331,0.036,0.036,0.636,0.078,0.078,,MS,F8V,,Eker14+18,,,,,EB,4.77,0.02,True,False,0.0502,0.0062,0.0062,0.662,0.027,0.027,1.100351949822352,0.0330186364638363,1.0711761705555705,1.1338218247406575,1.0432519089874062,1.1684440020194455,0.05,0.0062,0.027,-0.12764805017764802,0.059918530972738145,-0.10394792359743324,0.031322827092543526,0.05900101267833781,-2.1634891399840996,False,False,0.04532184148640081,-2.130360142436162,-0.15682382944442952,-0.09417817525934247,-0.12770670150197844,-0.07669232512975771,-0.18474809101259382,-0.05955599798055444,-0.1504463281861513,-0.048498369691005246,-1.2992962828549806,-0.17914201056030005,0.2741578492636798,0.12764805017764802,0.10394792359743324,2.130360142436162,True,False
12781,12814,BH_Vir_B,1.05,0.015,0.015,1.118,0.04,0.04,5500.0,200.0,200.0,1.03,0.17,0.17,-0.2839,0.0074,0.0074,4.363,0.032,0.032,0.751,0.081,0.081,,MS,G5V,,Eker14+18,,,,,EB,4.77,0.02,True,False,0.0455,0.005,0.005,0.635,0.023,0.023,0.9432220644524772,0.1509362265655526,0.8946526294953706,1.002422655935216,0.6981085030414909,1.1209775843987206,0.04,0.005,0.023,-0.17477793554752286,0.15614654812018045,-0.15633089047184512,0.05388501321992273,0.06710882691353834,-2.6043956299922097,False,True,0.13833883924989654,-1.119319880276844,-0.2233473705046295,-0.11557734406478404,-0.1997740344406346,-0.10337866195418965,-0.41989149695850925,0.002977584398720534,-0.3755737897661084,0.002663313415671318,-1.3419886033428876,-0.1972262747080243,0.012837224705172217,0.17477793554752286,0.15633089047184512,1.119319880276844,False,False
12936,12969,V443_Cyg_A,1.2,0.2,0.2,1.3,0.2,0.2,6700.0,350.0,350.0,3.1,1.1,1.1,-0.213,0.025,0.025,4.29,0.152,0.152,0.55,0.27,0.27,,MS,F2/3V,,Eker14+18,,,,,EB,9.4,0.33,True,True,0.008,0.0043,0.0043,0.358,0.062,0.062,1.5051231508393113,1.345963092973074,1.2123025841067832,1.5840680919539778,0.8469392001182513,2.531192537650477,0.2,0.0043,0.062,0.2051231508393112,1.3607412125917417,0.15778703910716246,0.18588275392359732,0.27304285049460764,0.751248935717371,True,True,1.0505663394509421,0.1507436894989184,-0.08769741589321689,0.28406809195397775,-0.06745955068708992,0.21851391688767519,-0.45306079988174874,1.2311925376504769,-0.34850830760134516,0.9470711828080591,-2.0969100130080562,-0.44611697335612566,0.4913616938342727,0.2051231508393112,0.15778703910716246,0.1507436894989184,False,False
12937,12970,V443_Cyg_B,1.1,0.3,0.3,1.1,0.2,0.2,6200.0,550.0,550.0,1.61,0.82,0.82,-0.213,0.025,0.025,4.397,0.197,0.197,0.83,0.5,0.5,,MS,F8V,,Eker14+18,,,,,EB,9.4,0.33,True,True,0.0055,0.0034,0.0034,0.315,0.063,0.063,1.649602689790965,8.650211880499763,0.793573236711242,1.332359864929533,-1.6743721215487806,6.297582304743695,0.2,0.0034,0.063,0.5496026897909649,8.652523653682737,0.4996388089008772,0.26939331410914547,0.3355186398498729,1.6380690206567465,True,True,7.868554543969699,0.06351935132324543,-0.30642676328875806,0.23235986492953287,-0.27856978480796185,0.21123624084502987,-2.7743721215487804,5.197582304743696,-2.522156474135255,4.7250748224942685,-2.2596373105057563,-0.5016894462103995,0.20682587603184974,0.5496026897909649,0.4996388089008772,0.06351935132324543,False,False
12943,12976,V456_Cyg_B,1.58,0.05,0.05,1.47,0.02,0.02,6755.0,400.0,400.0,4.05,0.97,0.97,0.039,0.016,0.016,4.302,0.018,0.018,0.497,0.026,0.026,,MS,F3V,,Eker14+18,,,,,EB,5.88,0.06,True,False,0.0575,0.0036,0.0036,0.685,0.014,0.014,1.3777562295104873,0.7123694407235317,1.2627875706001854,1.4138179776997986,1.0489554729803043,1.6193240751100737,0.02,0.0036,0.014,-0.09224377048951271,0.7126501386211591,-0.06275086427858008,0.07551520354980656,0.0781187939433829,-1.1808140632120738,False,True,0.48477280391105154,-0.12943766582012692,-0.20721242939981455,-0.05618202230020142,-0.14096083632640447,-0.03821906278925267,-0.42104452701969564,0.14932407511007373,-0.28642484831271814,0.10158100347624063,-1.2403321553103694,-0.1643094285075744,0.6074550232146685,0.09224377048951271,0.06275086427858008,0.12943766582012692,False,False
