original_row,Seq,SIMBAD_ID,M,eM1,eM2,R,eR1,eR2,Teff,eTeff1,eTeff2,L,eL1,eL2,Meta,eMeta1,eMeta2,logg,elogg1,elogg2,rho,erho1,erho2,cutoff,class,type,pla,catalog,e_M,e_R,e_Teff,e_L,mode,orbit_a,eOrbit_a,detached,well_detached,oblateness,eoblateness1,eoblateness2,fill_factor,efill_factor1,efill_factor2,mass_pred,mass_sigma,mass_p16,mass_p84,mass_p02_5,mass_p97_5,sigma_M_true,sigma_oblateness,sigma_fill_factor,delta_M,sigma_delta_M,frac_residual,sigma_pred_q68,sigma_delta_M_q68,z_M_q68,ci68_contains_M_true,ci95_contains_M_true,sigma_frac_residual,z_M,delta_M_p16,delta_M_p84,frac_residual_p16,frac_residual_p84,delta_M_p02_5,delta_M_p97_5,frac_residual_p02_5,frac_residual_p97_5,log10_oblateness,log10_fill_factor,log10_L,abs_delta_M,abs_frac_residual,abs_z_M,flag_abs_z_gt_2,flag_abs_z_gt_3
40,41,KIC9656397_A,1.15,0.15,0.09,1.09,0.16,0.16,6270.0,140.0,130.0,1.66,0.51,0.49,-0.089,0.041,0.041,4.38,0.04,0.04,0.89,0.41,0.4,,MS,F2,,Xu26,,,,,EB,204.0,20.0,True,True,5e-07,2.7e-07,2.7e-07,0.0141,0.0026,0.0026,1.1287741909941662,0.0649869713592021,1.0938899111750997,1.1646655680356344,1.0114715042562197,1.2443556052629292,0.12,2.7e-07,0.0026,-0.021225809005833707,0.1364672357983474,-0.018457225222464093,0.03538782843026733,0.1251091459526842,-0.16965833188455487,True,True,0.11697718904506657,-0.1555377661287014,-0.056110088824900206,0.014665568035634458,-0.04879138158686975,0.012752667857073442,-0.13852849574378023,0.0943556052629293,-0.12045956151633065,0.08204835240254722,-6.301029995663981,-1.85078088734462,0.22010808804005508,0.021225809005833707,0.018457225222464093,0.1555377661287014,False,False
41,42,KIC9656397_B,1.16,0.19,0.14,1.09,0.16,0.15,6360.0,140.0,130.0,1.76,0.54,0.51,-0.089,0.041,0.041,4.38,0.04,0.04,0.9,0.42,0.39,,MS,F2,,Xu26,,,,,EB,204.0,20.0,True,True,4.9e-07,2.6e-07,2.6e-07,0.0141,0.0025,0.0025,1.1615453708691637,0.0632066363301551,1.1279580090198944,1.1933618605200185,1.0645243716003878,1.2672084916112183,0.165,2.6e-07,0.0025,0.0015453708691637313,0.17669204531096605,0.001332216266520458,0.03270192575006203,0.16820944072127036,0.009187182732058846,True,True,0.15249770073611082,0.008746125873657657,-0.03204199098010552,0.03336186052001855,-0.027622406017332343,0.02876022458622289,-0.0954756283996121,0.10720849161121837,-0.08230657620656216,0.09242111345794687,-6.309803919971486,-1.85078088734462,0.24551266781414982,0.0015453708691637313,0.001332216266520458,0.008746125873657657,False,False
42,43,LL_Aqr_A,1.1947,0.0009,0.0009,1.318,0.0013,0.0013,6242.0,51.0,51.0,2.38,0.08,0.08,0.04,0.05,0.05,4.2755,0.0009,0.0009,0.5218,0.0016,0.0016,,MS,F9,,Miller26,,,,,EB,40.744,0.007,True,True,9.731e-05,3e-07,3e-07,0.082618,8.5e-05,8.5e-05,1.2067058203952843,0.026065709945668,1.182342721942953,1.2309003618969203,1.1557751054568288,1.2598840006057697,0.0009,3e-07,8.5e-05,0.012005820395284195,0.02608124297213796,0.01004923444821645,0.024278819976983668,0.0242954954564582,0.4941582861234806,True,True,0.021831051004859096,0.46032393502525004,-0.012357278057047116,0.03620036189692022,-0.010343415131034666,0.03030079676648549,-0.03892489454317127,0.06518400060576957,-0.032581312918030694,0.054560978158340635,-4.011842527443247,-1.0829253225460345,0.37657695705651195,0.012005820395284195,0.01004923444821645,0.46032393502525004,False,False
44,45,V570_Per_A,1.4569,0.0094,0.01,1.543,0.012,0.009,6556.0,64.0,26.0,3.96,0.22,0.11,0.18,0.03,0.01,4.225,0.009,0.009,0.3966,0.0096,0.0075,,MS,F3,,Yucel26,,,,,EB,9.118,0.016,True,True,0.01477,0.00033,0.00033,0.4395,0.0032,0.0032,1.4041876997354217,0.0380458611534385,1.3708059884676806,1.436961960689183,1.3190580494891877,1.4755026887571918,0.0097,0.00033,0.0032,-0.052712300264578404,0.03926292845556379,-0.03618113821441307,0.03307798611075119,0.034470903166918164,-1.5291824530773122,False,True,0.02689113852535769,-1.3425463239257884,-0.08609401153231944,-0.019938039310817057,-0.05909397455715521,-0.013685249029320513,-0.13784195051081238,0.018602688757191732,-0.09461318588153776,0.012768679221080192,-1.8306195046880505,-0.3570411205902093,0.5976951859255123,0.052712300264578404,0.03618113821441307,1.3425463239257884,False,False
45,46,V570_Per_B,1.3579,0.0094,0.0089,1.377,0.013,0.015,6468.0,32.0,21.0,2.99,0.12,0.1,0.17,0.01,0.01,4.293,0.011,0.011,0.52,0.015,0.017,,MS,F5,,Yucel26,,,,,EB,9.118,0.016,True,True,0.01175,0.00037,0.00037,0.405,0.0043,0.0043,1.339390932871828,0.0446989558782353,1.3015391548348672,1.3752806263589352,1.2442253358380049,1.429330327363395,0.00915,0.00037,0.0043,-0.01850906712817202,0.045625860612205735,-0.013630655518206067,0.036870735762034035,0.03798912549182641,-0.48722014230504873,True,True,0.03358201070981767,-0.4056705315761323,-0.056360845165132956,0.017380626358935114,-0.041505887889485935,0.012799636467291488,-0.11367466416199523,0.07143032736339494,-0.0837135754930372,0.05260352556402897,-1.929962133392245,-0.3925449767853314,0.4756711883244297,0.01850906712817202,0.013630655518206067,0.4056705315761323,False,False
48,49,BEPOP-3_A,1.084,0.026,0.026,1.386,0.01,0.01,6065.0,36.0,36.0,2.35,0.03,0.03,-0.02,0.1,0.1,4.1895,0.0041,0.0041,0.407,0.013,0.013,,MS,F9,,Maxted25,,,,,EB,26.0,0.16,True,True,0.0001921,6.1e-06,6.1e-06,0.1057,0.0011,0.0011,1.1341189273225705,0.0266468493371449,1.10901366455395,1.159033173357799,1.0811048130002436,1.1870269405149945,0.026,6.1e-06,0.0011,0.050118927322570395,0.037229753955626665,0.04623517280679925,0.025009754401924544,0.036076139139943786,1.389254186213023,False,True,0.03512822116903023,1.3462062462810271,0.02501366455394982,0.07503317335779891,0.02307533630438175,0.0692187946105156,-0.0028951869997564383,0.10302694051499439,-0.0026708367156424704,0.0950433030581129,-3.7164726351383064,-0.9759250126925737,0.37106786227173627,0.050118927322570395,0.04623517280679925,1.3462062462810271,False,False
50,51,TIC189069314_A,1.126,0.069,0.069,1.439,0.047,0.047,6286.0,108.0,108.0,2.9,0.09,0.09,-0.32,0.03,0.03,4.17,0.01,0.01,0.378,0.044,0.044,,MS,,,MWang25,,,,,EB,14.49,0.01,True,True,0.00278,0.00033,0.00033,0.2528,0.0095,0.0095,1.110243945840214,0.042061281103389,1.0705553352624595,1.1500807685122314,1.0258284757178553,1.192968263273403,0.069,0.00033,0.0095,-0.01575605415978587,0.08080935198390289,-0.01399294330353985,0.03976271662488595,0.07963713727521214,-0.19784807313371497,True,True,0.07103598243579455,-0.1949781030656508,-0.055444664737540394,0.02408076851223151,-0.049240377209183304,0.021386117684042194,-0.1001715242821446,0.06696826327340322,-0.08896227733760623,0.059474478928422045,-2.555955204081924,-0.5972229303896526,0.4623979978989561,0.01575605415978587,0.01399294330353985,0.1949781030656508,False,False
51,52,TIC189069314_B,0.96,0.054,0.054,1.023,0.035,0.035,5739.0,117.0,117.0,1.01,0.04,0.04,-0.32,0.03,0.03,4.4,0.03,0.03,0.9,0.1,0.1,,MS,,,MWang25,,,,,EB,14.49,0.01,True,True,0.00129,0.00016,0.00016,0.1933,0.0076,0.0076,0.8605771932949563,0.1270133441119605,0.7683328348692697,0.949874514206598,0.6032608093829731,1.119650990027109,0.054,0.00016,0.0076,-0.09942280670504366,0.13801590336806585,-0.10356542365108716,0.09077083966866412,0.1056188682677216,-0.9413356565517041,False,True,0.14158879774650474,-0.720372104074842,-0.19166716513073023,-0.010125485793402,-0.19965329701117734,-0.010547381034793751,-0.35673919061702686,0.15965099002710903,-0.371603323559403,0.1663031146115719,-2.889410289700751,-0.713768145971447,0.004321373782642578,0.09942280670504366,0.10356542365108716,0.720372104074842,False,False
56,57,TIC369605666_A,0.995,0.014,0.014,1.041,0.036,0.036,6116.0,108.0,108.0,1.36,0.05,0.05,-0.05,0.01,0.01,4.4,0.03,0.03,0.882,0.092,0.092,,MS,,,MWang25,,,,,EB,10.17,0.01,True,True,0.00299,0.00032,0.00032,0.2591,0.0092,0.0092,1.0805048277761895,0.0347461216421042,1.0522054860623096,1.1085437034995596,1.0096415668076433,1.1469946079191955,0.014,0.00032,0.0092,0.08550482777618951,0.0374605521738255,0.08593450027757739,0.02816910871862499,0.03145629803396634,2.7182101238951217,False,False,0.038117182145970256,2.2825298297640577,0.057205486062309574,0.11354370349955956,0.05749295081639153,0.11411427487392921,0.01464156680764328,0.1519946079191955,0.014715142520244502,0.15275839991878945,-2.5243288116755704,-0.5865325870141752,0.13353890837021754,0.08550482777618951,0.08593450027757739,2.2825298297640577,True,False
59,60,TIC431925451_B,1.404,0.061,0.061,1.481,0.087,0.087,6614.0,145.0,145.0,3.82,0.24,0.23,-0.2,0.02,0.02,4.24,0.07,0.07,0.432,0.078,0.078,,MS,,,MWang25,,,,,EB,14.19,0.01,True,True,0.00371,0.00069,0.00069,0.276,0.017,0.017,1.262006585411757,1.2971166832001029,1.2282866757005924,1.321640606092191,0.997110789034812,1.5417773198437528,0.061,0.00069,0.017,-0.14199341458824288,1.2985502261507007,-0.10113491067538667,0.046676965195799336,0.07680975901465817,-1.848637678464077,False,True,0.9246973284485487,-0.10934764919271141,-0.17571332429940756,-0.08235939390780889,-0.12515194038419342,-0.058660536971373856,-0.40688921096518793,0.13777731984375285,-0.28980713031708544,0.09813199419070717,-2.430626090384954,-0.5590909179347823,0.5820633629117087,0.14199341458824288,0.10113491067538667,0.10934764919271141,False,False
60,61,TIC100520485_A,1.218,0.015,0.015,1.639,0.041,0.041,6090.0,127.0,127.0,3.31,0.1,0.1,-0.42,0.05,0.05,4.08,0.02,0.02,0.277,0.021,0.021,,MS,,,MWang25,,,,,EB,16.45,0.01,True,True,0.00276,0.00021,0.00021,0.2524,0.0064,0.0064,1.0380589433281877,0.0776241247734339,0.9728254658353218,1.1041600343292106,0.877514881556725,1.1874058022248983,0.015,0.00021,0.0064,-0.17994105667181226,0.07906013373908265,-0.14773485769442715,0.0656672842469444,0.0673586833331011,-2.671386193550883,False,False,0.06458931312593767,-2.276002432093788,-0.24517453416467816,-0.11383996567078936,-0.20129272098906253,-0.09346466803841491,-0.340485118443275,-0.03059419777510164,-0.2795444322194376,-0.025118388977915962,-2.5590909179347823,-0.5979106494279033,0.5198279937757188,0.17994105667181226,0.14773485769442715,2.276002432093788,True,False
61,62,TIC100520485_B,1.015,0.015,0.015,1.14,0.044,0.044,6209.0,144.0,144.0,1.73,0.09,0.08,-0.42,0.05,0.05,4.33,0.03,0.03,0.685,0.08,0.08,,MS,,,MWang25,,,,,EB,16.45,0.01,True,True,0.00124,0.00015,0.00015,0.1908,0.0074,0.0074,0.9929127383454044,0.061599266964462,0.9511024132057636,1.0357161112363344,0.8737583095778764,1.1134945833099417,0.015,0.00015,0.0074,-0.022087261654595514,0.06339928777643374,-0.02176084892078376,0.04230684901528542,0.04488729746378319,-0.49206040244272603,True,True,0.062387048393425105,-0.3483834350392436,-0.0638975867942363,0.020716111236334545,-0.06295328748200621,0.020409961809196596,-0.14124169042212353,0.09849458330994176,-0.13915437480012172,0.097038998334918,-2.906578314837765,-0.7194216296319237,0.2380461031287954,0.022087261654595514,0.02176084892078376,0.3483834350392436,False,False
66,67,TIC446092483_A,1.342,0.019,0.019,2.194,0.069,0.069,6336.0,120.0,120.0,6.07,0.21,0.21,-0.25,0.01,0.01,3.88,0.03,0.03,0.127,0.012,0.012,,MS,,,MWang25,,,,,EB,26.92,0.05,True,True,0.00189,0.00018,0.00018,0.2202,0.007,0.007,1.2794808883791855,0.0632943431159142,1.231541283811823,1.3267338630016263,1.1523075831761207,1.408529761596033,0.019,0.00018,0.007,-0.06251911162081458,0.06608459631771291,-0.04658652132698553,0.0475962895949017,0.05124848078920728,-1.2199212670901427,False,True,0.04905779955063358,-0.9460466599545126,-0.11045871618817715,-0.015266136998373758,-0.08230902845616776,-0.011375660952588493,-0.18969241682387938,0.06652976159603297,-0.14135053414596077,0.049575083156507424,-2.7235381958267557,-0.657182685364267,0.7831886910752576,0.06251911162081458,0.04658652132698553,0.9460466599545126,False,False
67,68,TIC446092483_B,1.486,0.028,0.028,1.459,0.077,0.077,6096.0,111.0,111.0,2.41,0.14,0.13,-0.25,0.01,0.01,4.28,0.04,0.04,0.478,0.076,0.076,,MS,,,MWang25,,,,,EB,26.92,0.05,True,True,0.000473,7.5e-05,7.5e-05,0.1398,0.0074,0.0074,1.0413192782946217,0.0624425919063589,1.0009587525428554,1.0819845185096044,0.924425774272405,1.1601742629240936,0.028,7.5e-05,0.0074,-0.4446807217053783,0.06843301311490002,-0.29924678445853187,0.04051288298337452,0.0492472708647352,-9.029550549648906,False,False,0.044046275297254876,-6.498043874799914,-0.4850412474571446,-0.40401548149039557,-0.3264072997692763,-0.2718812123084762,-0.561574225727595,-0.32582573707590634,-0.3779099769364704,-0.21926361848984277,-3.3251388592621884,-0.8544928285903374,0.3820170425748684,0.4446807217053783,0.29924678445853187,6.498043874799914,True,True
80,81,KIC8868907_A,1.032,0.005,0.005,1.318,0.002,0.002,5800.0,150.0,150.0,1.8,0.2,0.2,0.0,0.25,0.25,4.2115,0.0009,0.0009,0.4507,0.003,0.003,,MS,,,OzdarcanFeb25,,,,,EB,148.6,0.2,True,True,1.757e-06,1.3e-08,1.3e-08,0.021801,5.3e-05,5.3e-05,1.035401638732903,0.0869259456003185,0.9682412599044288,1.1028912820973606,0.8607456386093255,1.2106705853832491,0.005,1.3e-08,5.3e-05,0.0034016387329030007,0.0870696274168526,0.0032961615628905043,0.06732501109646594,0.06751042230011053,0.05038686793842543,True,True,0.0843707125841991,0.0390680290455062,-0.06375874009557125,0.07089128209736062,-0.06178172489880935,0.06869310280751997,-0.17125436139067451,0.1786705853832491,-0.16594414863437454,0.17313041219307082,-5.755228238504705,-1.6615235850870775,0.25527250510330607,0.0034016387329030007,0.0032961615628905043,0.0390680290455062,False,False
81,83,KIC9948002_A,1.25,0.03,0.03,1.82,0.01,0.01,6100.0,150.0,150.0,4.2,0.4,0.4,0.0,0.25,0.25,4.015,0.004,0.004,0.2073,0.006,0.006,,MS,,,OzdarcanFeb25,,,,,EB,115.1,0.8,True,True,8.66e-06,2.9e-07,2.9e-07,0.03731,0.00039,0.00039,1.235864863185124,0.0703831206331001,1.1778428587201772,1.2939303115851983,1.0989831979538358,1.376033856759305,0.03,2.9e-07,0.00039,-0.014135136814876104,0.07651002333062983,-0.011308109451900883,0.058043726432510545,0.06533815254636546,-0.21633817706806882,True,True,0.06110211339871268,-0.18474882374290533,-0.07215714127982276,0.043930311585198334,-0.057725713023858205,0.035144249268158664,-0.1510168020461642,0.1260338567593049,-0.12081344163693135,0.10082708540744392,-5.062482107982653,-1.428174750959171,0.6232492903979004,0.014135136814876104,0.011308109451900883,0.18474882374290533,False,False
93,95,TIC72696540_A,1.267,0.011,0.011,2.365,0.043,0.043,5965.0,120.0,120.0,6.38,0.56,0.56,0.04,0.1,0.1,4.21,0.12,0.12,0.0958,0.0053,0.0053,,Subgiant,F9,,Pan25,,,,,EB,23.07,0.05,True,True,0.0035,0.0002,0.0002,0.2712,0.005,0.005,1.2505339235231776,1.3474660934947202,1.1802849168840324,1.3537519993186244,0.5675697402538675,1.95235944709729,0.011,0.0002,0.005,-0.0164660764768223,1.3475109918356594,-0.012996114030641121,0.08673354121729604,0.08742829731895956,-0.18833806652724888,True,True,1.0635436720046116,-0.012219623124848306,-0.08671508311596754,0.08675199931862454,-0.06844126528489941,0.06847040198786468,-0.6994302597461324,0.6853594470972901,-0.5520365112439877,0.5409308974722101,-2.4559319556497243,-0.5667103148049742,0.8048206787211624,0.0164660764768223,0.012996114030641121,0.012219623124848306,False,False
216,223,HD22064_A,1.345,0.031,0.031,1.554,0.014,0.014,6763.0,40.0,40.0,4.55,0.06,0.06,-0.1812,0.0058,0.0058,4.184,0.006,0.006,0.358,0.013,0.013,,MS,F2,,Maxted23,,,,,EB,22.9,0.7,True,True,0.000546,5.3e-05,5.3e-05,0.1495,0.0048,0.0048,1.3564271377438808,0.0616119425749493,1.3106383203371008,1.402700407658132,1.2304905950966545,1.4866362491781266,0.031,5.3e-05,0.0048,0.011427137743880822,0.06897123652551729,0.008496013192476448,0.04603104366051558,0.05549645917061999,0.20590751040077862,True,True,0.05136804089029592,0.1656797575269384,-0.03436167966289916,0.057700407658132,-0.025547717221486365,0.04289993134433606,-0.11450940490334549,0.14163624917812667,-0.08513710401735725,0.10530576147072615,-3.2628073572952627,-0.8253588073395516,0.6580113966571124,0.011427137743880822,0.008496013192476448,0.1656797575269384,False,False
278,285,KIC7037405_B,1.11,0.011,0.011,1.746,0.014,0.014,6094.0,138.0,148.0,3.79,0.35,0.37,-0.27,0.1,0.1,3.999,0.0071,0.0071,0.2085,0.0054,0.0054,,MS,,,Brogaard18,,,,,EB,193.8,0.89,True,True,2.459e-06,7.9e-08,7.9e-08,0.02407,0.00025,0.00025,1.1250251023297595,0.0937501203305175,1.0509555405710675,1.1974616344246558,0.932397121707381,1.3154250334716302,0.011,7.9e-08,0.00025,0.015025102329759399,0.09439324690880439,0.013536128225008466,0.07325304692679413,0.07407434700393317,0.2028381340838766,True,True,0.08505469757147793,0.15917560653756846,-0.05904445942893255,0.08746163442465571,-0.053193206692732024,0.07879426524743757,-0.17760287829261912,0.2054250334716301,-0.1600025930564136,0.18506759772218925,-5.609241471261283,-1.61852390972497,0.5786392099680724,0.015025102329759399,0.013536128225008466,0.15917560653756846,False,False
280,287,KIC9540226_B,1.002,0.015,0.015,1.014,0.014,0.014,6157.0,131.0,131.0,1.33,0.12,0.12,-0.23,0.1,0.1,4.427,0.1,0.1,0.961,0.042,0.042,,MS,,,Brogaard18,,,,,EB,176.0,1.3,True,True,8.01e-07,4.3e-08,4.3e-08,0.01638,0.00028,0.00028,0.967461361592324,5.248024667717705,0.9243817984231112,1.127212880346616,0.1332746397092107,1.7906406633031593,0.015,4.3e-08,0.00028,-0.034538638407676014,5.248046104310968,-0.0344696990096567,0.10141554096175237,0.10251883704258878,-0.3369004117099752,True,True,5.23756951293214,-0.006581237611328244,-0.07761820157688881,0.12521288034661593,-0.07746327502683514,0.12496295443774044,-0.8687253602907893,0.7886406633031593,-0.8669913775357179,0.7870665302426739,-6.096367483915762,-1.7856861025756003,0.12385164096708581,0.034538638407676014,0.0344696990096567,0.006581237611328244,False,False
285,292,KIC8552540_A,1.153,0.036,0.036,1.41,0.022,0.022,6060.0,200.0,200.0,2.4,0.33,0.33,0.038,0.009,0.009,4.202,0.012,0.012,0.411,0.023,0.023,,MS,F9,,Helminiak19,,,,,EB,5.619,0.054,True,False,0.044,0.0028,0.0028,0.635,0.013,0.013,1.1574438164763632,0.0489538139393501,1.124441418428221,1.1901077369222166,1.0674879395364345,1.2521815611030904,0.036,0.0028,0.013,0.0044438164763631605,0.06076574610097788,0.0038541339777651003,0.03283315924699781,0.0487238786031933,0.0912040790626204,True,True,0.05277367648617959,0.07313028739873643,-0.02855858157177904,0.03710773692221658,-0.024768934580901163,0.03218364000192245,-0.08551206046356552,0.0991815611030904,-0.07416483995105422,0.08602043460805758,-1.3565473235138126,-0.1972262747080243,0.38021124171160603,0.0044438164763631605,0.0038541339777651003,0.07313028739873643,False,False
289,296,KIC9641031_A,1.2102,0.0076,0.0076,1.244,0.0023,0.0023,6260.0,120.0,120.0,2.14,0.18,0.17,-0.437,0.012,0.012,4.331,0.016,0.016,0.6286,0.0053,0.0053,,MS,,,Helminiak19,,,,,EB,9.145,0.016,True,True,0.006724,6.4e-05,6.4e-05,0.3401,0.001,0.001,1.012520253789649,0.0365367129913014,0.979620910134022,1.0454307018492195,0.9393683099584704,1.0843173627777225,0.0076,6.4e-05,0.001,-0.197679746210351,0.037318780743865854,-0.16334469196029666,0.03290489585759876,0.03377117367518369,-5.8535053626404885,False,False,0.030644427364681096,-5.297058003237256,-0.23057908986597797,-0.16476929815078045,-0.19052973877539084,-0.13615046946850146,-0.2708316900415295,-0.12588263722227744,-0.22379085278592756,-0.10401804430860803,-2.1723722952325666,-0.4683933680672778,0.33041377334919086,0.197679746210351,0.16334469196029666,5.297058003237256,True,True
292,299,KIC10191056_Ab,1.413,0.016,0.016,1.659,0.03,0.03,6584.3,155.3,155.3,4.66,0.47,0.47,0.122,0.007,0.007,4.149,0.016,0.016,0.309,0.017,0.017,,MS,,,Helminiak19,,,,,EB,10.938,0.033,True,True,0.01221,0.00069,0.00069,0.4097,0.0076,0.0076,1.4144389580173795,0.0440355113786669,1.377330120722578,1.4506385521157772,1.3298572669652,1.496707608612,0.016,0.00069,0.0076,0.001438958017379477,0.046852174574727075,0.0010183708544794598,0.036654215696599546,0.03999414367545384,0.03597921808393734,True,True,0.03316188354531092,0.03071272636629501,-0.035669879277421934,0.03763855211577716,-0.025244075921742343,0.026637333415270456,-0.08314273303480002,0.08370760861199988,-0.05884128311026187,0.059241053511677196,-1.9132843360551175,-0.38753403604685766,0.6683859166900001,0.001438958017379477,0.0010183708544794598,0.03071272636629501,False,False
296,303,KIC10987439_B,1.4215,0.0045,0.0045,1.512,0.031,0.031,6490.0,90.0,90.0,3.55,0.25,0.25,-0.158,0.012,0.012,4.232,0.018,0.018,0.411,0.025,0.025,,MS,,,Helminiak19,,,,,EB,27.352,0.029,True,True,0.000411,2.5e-05,2.5e-05,0.1345,0.0028,0.0028,1.2552206795225969,0.0249956640632639,1.231711523682578,1.2790324354602602,1.2061179067380512,1.3047250226355065,0.0045,2.5e-05,0.0028,-0.16627932047740313,0.025397504246747204,-0.1169745483485073,0.023660455888841136,0.024084583717967747,-6.903973198148087,False,False,0.017804812088174138,-6.547073242391501,-0.18978847631742202,-0.14246756453973974,-0.13351282189055366,-0.10022340101283134,-0.2153820932619488,-0.11677497736449349,-0.15151747679349195,-0.08214912231058283,-3.3861581781239307,-0.8712777156615732,0.5502283530550941,0.16627932047740313,0.1169745483485073,6.547073242391501,True,True
297,304,KIC11922782_A,1.067,0.01,0.01,1.501,0.057,0.057,5990.0,110.0,110.0,2.61,0.27,0.27,-0.223,0.012,0.012,4.114,0.033,0.033,0.316,0.036,0.036,,MS,,,Helminiak19,,,,,EB,12.056,0.034,True,True,0.00514,0.00059,0.00059,0.311,0.012,0.012,1.0520142348905883,0.0689131810461614,0.9957687646441532,1.107795407282932,0.9106464872647329,1.1917408746913412,0.01,0.00059,0.012,-0.01498576510941163,0.06963495186974009,-0.014044765800760667,0.05601332131938935,0.056898964535650014,-0.26337500570897576,True,True,0.06524360027331569,-0.21520464518226665,-0.07123123535584674,0.04079540728293196,-0.06675842113950023,0.03823374628203558,-0.1563535127352671,0.12474087469134121,-0.14653562580624846,0.11690803626180057,-2.289036881004724,-0.5072396109731625,0.41664050733828095,0.01498576510941163,0.014044765800760667,0.21520464518226665,False,False
7274,7281,KIC5359678_A,1.32,0.06,0.06,1.52,0.04,0.04,6500.0,50.0,50.0,3.72,0.56,0.49,-0.104,0.046,0.046,4.2,0.079,0.079,0.376,0.034,0.034,,MS,F,,Xiong23,,,,,EB,19.19,0.16,True,True,0.00141,0.00013,0.00013,0.2014,0.0059,0.0059,1.2964600263588657,0.5470963447696272,1.252708575751191,1.333022441849934,1.095787671691545,1.51450519821504,0.06,0.00013,0.0059,-0.02353997364113436,0.5503766078425634,-0.017833313364495725,0.0401569330493714,0.07219819438138116,-0.3260465700400531,True,True,0.4168643852523994,-0.04277066522396248,-0.06729142424880896,0.013022441849933841,-0.05097835170364315,0.00986548624994988,-0.22421232830845517,0.19450519821503987,-0.1698578244761024,0.14735242289018172,-2.85078088734462,-0.6959405337824008,0.5705429398818975,0.02353997364113436,0.017833313364495725,0.04277066522396248,False,False
7276,7283,KIC8301013_A,1.29,0.02,0.02,1.45,0.01,0.01,6144.0,100.0,100.0,2.7,0.44,0.38,-0.019,0.035,0.035,4.22,0.01,0.01,0.423,0.011,0.011,,MS,F,,Xiong23,,,,,EB,15.2,0.1,True,True,0.00249,0.00012,0.00012,0.2434,0.0035,0.0035,1.172360350011446,0.0324700290266726,1.1407743608908725,1.204128987112986,1.10897341512139,1.2368261463035342,0.02,0.00012,0.0035,-0.11763964998855414,0.03813532201244617,-0.09119352712291018,0.031677313111056815,0.0374626769723672,-3.1401826963760806,False,False,0.02884590253074256,-3.0847949821994494,-0.14922563910912756,-0.08587101288701393,-0.11567879000707562,-0.06656667665659995,-0.18102658487861012,-0.05317385369646588,-0.14033068595241094,-0.04122004162516735,-2.6038006529042637,-0.6136794261059538,0.43136376415898736,0.11763964998855414,0.09119352712291018,3.0847949821994494,True,True
7277,7284,KIC8301013_B,1.11,0.05,0.05,1.2,0.01,0.01,5966.0,97.0,97.0,1.64,0.27,0.24,-0.019,0.035,0.035,4.33,0.02,0.02,0.642,0.033,0.033,,MS,F,,Xiong23,,,,,EB,15.2,0.1,True,True,0.001792,9.1e-05,9.1e-05,0.2157,0.0033,0.0033,1.0612114194414026,0.0319073719270092,1.0312197391296258,1.0911142306690786,0.9957514140740904,1.1251560136089425,0.05,9.1e-05,0.0033,-0.04878858055859747,0.0593134081240363,-0.043953676178916636,0.029947245769726405,0.05828239467620043,-0.8371066568155314,False,True,0.05177744681299512,-0.8225556767294624,-0.07878026087037426,-0.018885769330921454,-0.07097320799132815,-0.01701420660443374,-0.1142485859259097,0.015156013608942365,-0.10292665398730602,0.01365406631436249,-2.7466619946738935,-0.6661498548974549,0.21484384804769785,0.04878858055859747,0.043953676178916636,0.8225556767294624,False,False
7278,7285,KIC5444392_A,1.208,0.003,0.003,1.482,0.106,0.106,6012.74,23.74,23.74,2.59,1.02,0.73,0.142,0.014,0.014,4.105,0.022,0.022,0.371,0.08,0.08,,MS,,,Xiong23,,,,,EB,7.55,0.1,True,False,0.0256,0.0056,0.0056,0.525,0.038,0.038,1.205172874282672,0.0304259744304361,1.1777729902723693,1.2325293795421997,1.1381975799915054,1.2605742473342785,0.003,0.0056,0.038,-0.002827125717328016,0.03057351664499116,-0.0023403358587152454,0.0273781946349152,0.02754206857640325,-0.1026475447726597,True,True,0.025308632875072245,-0.09246975904524161,-0.030227009727630705,0.024529379542199692,-0.02502235904605191,0.0203057777667216,-0.06980242000849457,0.05257424733427851,-0.057783460271932596,0.04352172792572725,-1.5917600346881504,-0.2798406965940431,0.4132997640812518,0.002827125717328016,0.0023403358587152454,0.09246975904524161,False,False
7279,7286,KIC5444392_B,1.281,0.003,0.003,1.905,0.083,0.083,5767.75,21.55,21.55,3.62,0.81,0.66,0.142,0.014,0.014,3.985,0.051,0.051,0.185,0.024,0.024,,MS,,,Xiong23,,,,,EB,7.55,0.1,True,False,0.0494,0.0068,0.0068,0.657,0.03,0.03,1.1734982749449412,0.3701972083155557,1.1390702915808342,1.2008693784011892,1.066444708265942,1.270795574755507,0.003,0.0068,0.03,-0.10750172505505873,0.3702093637992304,-0.08392016007420666,0.030899543410177532,0.031044835044777508,-3.462789378651993,False,False,0.28899875819829446,-0.2903808913740993,-0.14192970841916575,-0.08013062159881068,-0.1107960253077016,-0.06255317845340412,-0.21455529173405785,-0.010204425244492832,-0.1674904697377501,-0.007965983797418292,-1.3062730510763532,-0.1824346304402192,0.5587085705331657,0.10750172505505873,0.08392016007420666,0.2903808913740993,False,False
7280,7287,EPIC201637354_A,1.065,0.031,0.031,1.24,0.101,0.101,5940.85,32.41,32.41,1.73,0.79,0.54,-0.303,0.031,0.031,4.157,0.053,0.053,0.56,0.14,0.14,,MS,,,Xiong23,,,,,EB,12.14,0.085,True,False,0.00334,0.00083,0.00083,0.267,0.022,0.022,0.9708489528697856,0.0748541934518421,0.941964053099668,1.0002281197852292,0.8621093786487568,1.0840469984728869,0.031,0.00083,0.022,-0.09415104713021438,0.08101944382261458,-0.08840473908940318,0.029132033342780583,0.042540279344227154,-2.2132211772368384,False,True,0.07512762234139304,-1.1620796525874748,-0.12303594690033193,-0.06477188021477076,-0.11552671070453703,-0.06081866686832935,-0.20289062135124314,0.019046998472886933,-0.19050762568191845,0.01788450560834454,-2.4762535331884354,-0.5734887386354247,0.2380461031287954,0.09415104713021438,0.08840473908940318,1.1620796525874748,False,False
7284,7297,EPIC211563123_A,1.148,0.009,0.009,2.081,0.105,0.105,5971.97,10.79,10.79,4.97,1.3,1.03,-0.234,0.01,0.01,3.8,0.04,0.04,0.127,0.019,0.019,,MS,,,Xiong23,,,,,EB,37.217,0.069,True,True,0.000567,8.6e-05,8.6e-05,0.1478,0.0075,0.0075,1.1780315046287764,0.0587387515698203,1.1463011617702905,1.211446410147145,1.0862380143933297,1.2681649936379291,0.009,8.6e-05,0.0075,0.030031504628776462,0.05942424535474613,0.02615984723761016,0.03257262418842721,0.03379313312672433,0.888686601392012,True,True,0.05179473758638333,0.5053746067702968,-0.0016988382297093985,0.06344641014714503,-0.0014798242419071417,0.05526690779368034,-0.06176198560667023,0.12016499363792921,-0.053799639030200554,0.10467333940586168,-3.2464169411070936,-0.8303255659411931,0.696356388733332,0.030031504628776462,0.02615984723761016,0.5053746067702968,False,False
7285,7298,EPIC211563123_B,1.157,0.009,0.009,2.15,0.161,0.161,5665.94,84.29,84.29,4.3,1.93,1.33,-0.234,0.01,0.01,3.836,0.078,0.078,0.116,0.026,0.026,,MS,,,Xiong23,,,,,EB,37.217,0.069,True,True,0.00062,0.00014,0.00014,0.152,0.011,0.011,1.0597494463879198,1.3626622618739133,0.9787716912953192,1.1507725414255512,0.4066868706842081,1.659495499142222,0.009,0.00014,0.011,-0.09725055361208024,1.3626919827808959,-0.08405406535184116,0.08600042506511602,0.0864700706104756,-1.1246729987092043,False,True,1.1777763150210299,-0.07136649722824188,-0.17822830870468087,-0.006227458574448841,-0.1540434820265176,-0.00538241881974835,-0.7503131293157919,0.5024954991422219,-0.648498815311834,0.4343089880226637,-3.207608310501746,-0.8181564120552275,0.6334684555795865,0.09725055361208024,0.08405406535184116,0.07136649722824188,False,False
7288,7305,NSVS_6318847_A,1.079,0.026,0.026,1.324,0.031,0.031,6005.93,25.97,25.97,2.06,0.25,0.22,-0.14,0.024,0.024,4.223,0.043,0.043,0.465,0.035,0.035,,MS,,,Xiong23,,,,,EB,4.893,0.031,True,False,0.054,0.0042,0.0042,0.681,0.017,0.017,1.0525801629045557,0.0418388192654086,1.029715059121595,1.0761853916815065,0.9824227849800848,1.12300227938036,0.026,0.0042,0.017,-0.026419837095444265,0.04925938283742018,-0.024485483869735186,0.0232351662799557,0.03486936982592588,-0.7576803718374266,False,True,0.04534416114032458,-0.5363412120416231,-0.04928494087840485,-0.00281460831849345,-0.045676497570347405,-0.0026085341227928176,-0.09657721501991512,0.044002279380360054,-0.08950622337341531,0.04078061110320672,-1.2676062401770316,-0.16685288808721482,0.31386722036915343,0.026419837095444265,0.024485483869735186,0.5363412120416231,False,False
7290,7307,UCAC4_473-001351_A,1.105,0.023,0.023,1.46,0.186,0.186,5897.59,25.76,25.76,2.32,1.86,1.03,0.079,0.024,0.024,4.173,0.043,0.043,0.36,0.14,0.14,,MS,,,Xiong23,,,,,EB,25.18,0.13,True,True,0.00055,0.00021,0.00021,0.147,0.019,0.019,1.1255067184499097,0.0387152038576527,1.09929129241336,1.1520026736613875,1.0562045214037366,1.1961832503083087,0.023,0.00021,0.019,0.0205067184499097,0.045031844396378064,0.018558116244262172,0.026355690624013772,0.034980314868061545,0.5862359594891231,True,True,0.040951438058837664,0.4553826014632229,-0.005708707586639994,0.04700267366138755,-0.005166251209628954,0.04253635625464937,-0.04879547859626343,0.09118325030830876,-0.04415880415951442,0.08251877855955544,-3.2596373105057563,-0.8326826652518239,0.3654879848908996,0.0205067184499097,0.018558116244262172,0.4553826014632229,False,False
7294,7311,TYC_18-662-1_A,0.959,0.014,0.014,1.694,0.009,0.009,5562.42,22.66,22.66,2.48,0.11,0.11,0.045,0.019,0.019,3.987,0.036,0.036,0.1973,0.0043,0.0043,,MS,,,Xiong23,,,,,EB,9.27,0.03,True,False,0.02146,0.00053,0.00053,0.4944,0.0038,0.0038,1.037872548701587,0.0724962227351392,1.007095643731882,1.0692767919970754,0.9392097106151291,1.138491776770244,0.014,0.00053,0.0038,0.078872548701587,0.07383564390497935,0.08224457633116476,0.031090574132596638,0.03409726968386893,2.313163177956761,False,True,0.07722898320357659,1.0682177946885618,0.04809564373188213,0.11027679199707541,0.05015187041906375,0.11499144108141336,-0.01979028938487082,0.17949177677024408,-0.020636381006121814,0.18716556493247558,-1.6683702823700677,-0.3059215379192406,0.3944516808262163,0.078872548701587,0.08224457633116476,1.0682177946885618,False,False
7301,7320,V*_NW_Cam_B,1.025,0.009,0.009,1.649,0.051,0.051,6795.18,24.87,24.87,5.22,0.83,0.72,0.047,0.072,0.072,4.014,0.034,0.034,0.229,0.021,0.021,,MS,,,Xiong23,,,,,EB,5.971,0.012,False,False,0.074,0.0069,0.0069,0.747,0.023,0.023,1.48496078137454,0.109583158787197,1.4269538870360796,1.5397811107698591,1.3039376199048385,1.6642495178678638,0.009,0.0069,0.023,0.4599607813745401,0.10995211998765658,0.44874222573125866,0.05641361186688976,0.057127012908676444,8.05154615925457,False,False,0.10766451901000032,4.183282518119488,0.4019538870360797,0.5147811107698592,0.39215013369373636,0.5022254739218139,0.27893761990483856,0.6392495178678639,0.27213426332179375,0.6236580662125502,-1.1307682802690238,-0.12667939818460122,0.7176705030022621,0.4599607813745401,0.44874222573125866,4.183282518119488,True,True
7302,7321,"ZTF_J034350,31+515137,1_A",1.061,0.043,0.043,1.487,0.154,0.154,5901.86,73.94,73.94,2.42,1.53,0.94,0.026,0.055,0.055,4.323,0.093,0.093,0.32,0.1,0.1,,MS,,,Xiong23,,,,,EB,9.015,0.094,True,True,0.0126,0.004,0.004,0.419,0.044,0.044,1.0873827910742315,1.216647530230215,1.0063249748548315,1.16598096923709,0.5142523138600742,1.777437628156893,0.043,0.004,0.044,0.026382791074231582,1.217407168048259,0.024865967082216382,0.07982799719112921,0.09067253793485065,0.29096782416290085,True,True,1.1474508986515162,0.02167129598598334,-0.05467502514516842,0.10498096923709,-0.05153159768630389,0.0989453055957493,-0.5467476861399257,0.7164376281568932,-0.5153135590385728,0.6752475288943386,-1.899629454882437,-0.3777859770337047,0.38381536598043126,0.026382791074231582,0.024865967082216382,0.02167129598598334,False,False
7304,7323,UCAC4_576-009710_A,1.265,0.009,0.009,1.131,0.161,0.161,6164.53,14.12,14.12,1.67,1.55,0.8,-0.087,0.013,0.013,4.272,0.023,0.023,0.87,0.37,0.37,,MS,,,Xiong23,,,,,EB,11.81,0.02,True,True,0.0028,0.0012,0.0012,0.251,0.036,0.036,1.1101876801547603,0.0402650701762886,1.0789127584616265,1.141614646167599,1.0308748651768416,1.1885634354023038,0.009,0.0012,0.036,-0.15481231984523958,0.04125864607935464,-0.12238128051007083,0.0313509438529862,0.032617199151262107,-4.746340086630314,False,False,0.032436731960142615,-3.7522394590331922,-0.18608724153837342,-0.12338535383240101,-0.1471045387655126,-0.09753782911652255,-0.23412513482315833,-0.0764365645976961,-0.18507915796297103,-0.060424161737309176,-2.5528419686577806,-0.6003262785189618,0.22271647114758325,0.15481231984523958,0.12238128051007083,3.7522394590331922,True,True
7308,7327,V*_V1250_Tau_A,1.238,0.004,0.004,1.914,0.092,0.092,6512.94,20.18,20.18,5.94,1.49,1.19,0.021,0.019,0.019,4.064,0.033,0.033,0.177,0.025,0.025,,MS,,,Xiong23,,,,,EB,9.16,0.007,True,False,0.0294,0.0042,0.0042,0.551,0.027,0.027,1.4229748252213636,0.0454676388003846,1.3880027186535608,1.4576550563148998,1.333823974916964,1.5136983721009258,0.004,0.0042,0.027,0.18497482522136366,0.0456432489869229,0.14941423685085917,0.03482616883066947,0.03505512851812547,5.276683699097588,False,False,0.03691397704388222,4.052621785849649,0.15000271865356085,0.2196550563148998,0.12116536240190699,0.17742734758877204,0.09582397491696404,0.27569837210092585,0.07740224145150569,0.2226965848957398,-1.5316526695878427,-0.2588484011482149,0.7737864449811935,0.18497482522136366,0.14941423685085917,4.052621785849649,True,True
7309,7328,V*_V1250_Tau_B,1.238,0.004,0.004,1.659,0.119,0.119,6503.42,111.53,111.53,4.44,1.96,1.36,0.021,0.019,0.019,4.09,0.088,0.088,0.271,0.058,0.058,,MS,,,Xiong23,,,,,EB,9.16,0.007,True,False,0.0191,0.0041,0.0041,0.478,0.034,0.034,1.3789844108558145,0.695006432940397,1.321046155342497,1.4229320383835595,1.1816129542531462,1.5357704352634152,0.004,0.0041,0.034,0.14098441085581448,0.6950179435299023,0.11388078421309732,0.05094294152053125,0.0510997386565163,2.75900453823233,False,True,0.5614060698305862,0.2028500302305487,0.08304615534249704,0.18493203838355954,0.06708090092285707,0.14937967559253598,-0.056387045746853826,0.2977704352634152,-0.04554688670989808,0.24052539197367948,-1.7189666327522726,-0.3205721033878811,0.6473829701146199,0.14098441085581448,0.11388078421309732,0.2028500302305487,False,False
7312,7331,HD285001_A,1.324,0.016,0.016,2.399,0.078,0.078,6692.25,14.63,14.63,10.4,1.71,1.47,-0.108,0.013,0.013,3.998,0.024,0.024,0.0959,0.0094,0.0094,,MS,,,Xiong23,,,,,EB,14.957,0.039,True,True,0.0153,0.0015,0.0015,0.441,0.014,0.014,1.4606315960901068,0.1027395563249057,1.4077254077854828,1.5109207811701488,1.2520347950953523,1.645170038660711,0.016,0.0015,0.014,0.13663159609010678,0.10397796128910429,0.10319606955446131,0.051597686692333,0.05402148898355319,2.529208258804273,False,True,0.07873474591280388,1.3140438069391558,0.08372540778548276,0.18692078117014876,0.06323671282891447,0.1411788377418042,-0.07196520490464775,0.32117003866071103,-0.054354384369069295,0.24257555790083912,-1.8153085691824011,-0.35556141053216145,1.0170333392987803,0.13663159609010678,0.10319606955446131,1.3140438069391558,False,False
7316,7335,UCAC4_570-022931_A,1.271,0.04,0.04,2.225,0.151,0.151,6436.53,24.81,24.81,7.66,2.84,2.07,0.063,0.023,0.023,4.05,0.041,0.041,0.115,0.024,0.024,,MS,,,Xiong23,,,,,EB,15.9,0.12,True,True,0.0083,0.0017,0.0017,0.363,0.025,0.025,1.4362502845797174,0.0418379517727416,1.4016118526847972,1.469677394959762,1.3599984155624831,1.5200639112444123,0.04,0.0017,0.025,0.16525028457971747,0.057882762620129424,0.1300159595434441,0.034032771137482376,0.05251884910483334,3.1464947803760874,False,False,0.04845908124210163,2.8549135718385648,0.13061185268479725,0.198677394959762,0.10276306269456904,0.1563158103538647,0.08899841556248322,0.2490639112444124,0.07002235685482551,0.19595901750150466,-2.0809219076239263,-0.4400933749638875,0.884228769632604,0.16525028457971747,0.1300159595434441,2.8549135718385648,True,False
7336,7355,TYC_1332-131-1_A,1.2,0.014,0.014,2.412,0.21,0.21,6082.8,7.88,7.88,7.18,3.54,2.37,-0.078,0.006,0.006,3.992,0.011,0.011,0.086,0.022,0.022,,MS,,,Xiong23,,,,,EB,12.375,0.033,True,True,0.0256,0.0067,0.0067,0.525,0.046,0.046,1.2620085980194902,0.0548399809017473,1.224729364468297,1.2998482744965796,1.1667486633232025,1.3591683320060306,0.014,0.0067,0.046,0.06200859801949021,0.05659879420362247,0.05167383168290851,0.03755945501414126,0.04008382043866704,1.5469732510744745,False,True,0.0473183882183615,1.0955816089721837,0.0247293644682971,0.09984827449657963,0.02060780372358092,0.08320689541381636,-0.03325133667679747,0.15916833200603064,-0.027709447230664562,0.1326402766716922,-1.5917600346881504,-0.2798406965940431,0.8561244442423003,0.06200859801949021,0.05167383168290851,1.0955816089721837,False,False
7337,7356,TYC_1332-131-1_B,1.309,0.014,0.014,1.551,0.159,0.159,6017.11,128.33,128.33,2.84,1.9,1.14,-0.078,0.006,0.006,4.173,0.133,0.133,0.35,0.11,0.11,,MS,,,Xiong23,,,,,EB,12.375,0.033,True,True,0.0059,0.0018,0.0018,0.324,0.033,0.033,1.078575860854358,1.8404327358668235,1.0232875193294044,1.2106289492362825,0.2586060007519131,1.9244491583555343,0.014,0.0018,0.033,-0.23042413914564186,1.8404859834430256,-0.17603066397680814,0.09367071495343904,0.0947111547806721,-2.4329144722102467,False,True,1.4060113729337316,-0.12519744307673772,-0.2857124806705955,-0.09837105076371744,-0.21826774688357184,-0.07514977140085366,-1.0503939992480869,0.6154491583555344,-0.8024400299832597,0.47016742425938457,-2.2291479883578558,-0.48945498979338786,0.45331834004703764,0.23042413914564186,0.17603066397680814,0.12519744307673772,False,False
7340,7359,UCAC4_555-031577_A,1.151,0.04,0.04,1.572,0.144,0.144,6546.17,39.09,39.09,4.09,2.17,1.42,-0.384,0.027,0.027,4.124,0.044,0.044,0.296,0.082,0.082,,MS,,,Xiong23,,,,,EB,11.46,0.11,True,True,0.0066,0.0018,0.0018,0.338,0.031,0.031,1.210079885346944,0.0674121897555582,1.1653638123711856,1.2549283962388982,1.0914070849594248,1.3239426566120331,0.04,0.0018,0.031,0.05907988534694408,0.07838624450526625,0.051329179276232914,0.0447822919338563,0.06004543005799135,0.9839197635837607,False,True,0.06903004793436054,0.7537022052762701,0.014363812371185558,0.10392839623889816,0.012479419957589537,0.0902940019451765,-0.05959291504057518,0.17294265661203312,-0.051774904466181736,0.150254262912279,-2.1804560644581312,-0.47108329972234525,0.6117233080073418,0.05907988534694408,0.051329179276232914,0.7537022052762701,False,False
7344,7363,"ZTF_J064726,39+223431,6_A",1.407,0.011,0.011,1.501,0.05,0.05,6193.17,39.2,39.2,2.99,0.53,0.45,-0.25,0.11,0.11,4.09,0.08,0.08,0.416,0.042,0.042,,MS,,,Xiong23,,,,,EB,6.616,0.013,True,False,0.0335,0.0034,0.0034,0.579,0.019,0.019,1.1342427482331492,0.2792197725860674,1.08892900422035,1.1716250602517644,0.9234534019741164,1.3421450743932444,0.011,0.0034,0.019,-0.27275725176685084,0.2794363637807635,-0.1938573217959139,0.04134802801570714,0.0427862059639284,-6.374887551301072,False,False,0.19855049534336214,-0.9760979139452557,-0.3180709957796499,-0.23537493974823565,-0.2260632521532693,-0.16728851439107012,-0.4835465980258836,-0.06485492560675565,-0.3436720668272094,-0.04609447448952072,-1.4749551929631548,-0.23732143627256383,0.4756711883244297,0.27275725176685084,0.1938573217959139,0.9760979139452557,False,False
7352,7375,"ASASSN-V_J172607,12+564531,5_A",1.069,0.04,0.04,1.272,0.241,0.241,5845.57,42.64,42.64,1.7,2.38,0.99,-0.114,0.041,0.041,4.366,0.07,0.07,0.52,0.3,0.3,,MS,,,Xiong23,,,,,EB,14.41,0.13,True,True,0.0021,0.0012,0.0012,0.23,0.044,0.044,0.9871976380426338,0.4414154412967152,0.9313980627849224,1.0343846310202265,0.6851390043362773,1.3309377605733053,0.04,0.0012,0.044,-0.08180236195736612,0.44322408758456916,-0.07652232175618907,0.05149328411765203,0.06520397464281787,-1.254560974319018,False,True,0.41436701429261136,-0.1845620855201329,-0.13760193721507752,-0.034615368979773464,-0.1287202406127947,-0.032381074817374615,-0.38386099566372267,0.2619377605733053,-0.35908418677616716,0.24503064599935015,-2.677780705266081,-0.638272163982407,0.2304489213782739,0.08180236195736612,0.07652232175618907,0.1845620855201329,False,False
7353,7376,"ASASSN-V_J172607,12+564531,5_B",1.017,0.04,0.04,1.452,0.246,0.246,6131.13,282.37,282.37,2.69,3.85,1.58,-0.114,0.041,0.041,4.121,0.199,0.199,0.33,0.17,0.17,,MS,,,Xiong23,,,,,EB,14.41,0.13,True,True,0.0034,0.0018,0.0018,0.269,0.046,0.046,1.1316093970326826,3.0898758219593367,1.0583872128143028,1.2490472263447574,0.3097899259194942,1.9993053827394511,0.04,0.0018,0.046,0.11460939703268269,3.090134721194027,0.11269360573518457,0.0953300067652273,0.10338186586562598,1.1086025201136345,False,True,3.0385411588542666,0.037088802713558605,0.04138721281430291,0.2320472263447575,0.04069539116450631,0.2281683641541372,-0.7072100740805056,0.9823053827394512,-0.6953884700889928,0.9658853320938557,-2.468521082957745,-0.5702477199975919,0.42975228000240795,0.11460939703268269,0.11269360573518457,0.037088802713558605,False,False
7354,7379,UCAC4_625-128029_A,1.187,0.007,0.007,1.825,0.149,0.149,6016.9,32.34,32.34,3.94,1.82,1.24,-0.105,0.02,0.02,4.239,0.03,0.03,0.195,0.048,0.048,,MS,,,Xiong23,,,,,EB,19.905,0.03,True,True,0.00215,0.00053,0.00053,0.232,0.019,0.019,1.1249432883380954,0.0281335154904705,1.0987645589989803,1.1514683934188807,1.0712471519306634,1.1819016764131294,0.007,0.00053,0.019,-0.06205671166190463,0.028991286515995515,-0.05228029626108224,0.026351917209950226,0.027265794333561435,-2.275991335617136,False,False,0.02435139511646016,-2.1405297632330234,-0.08823544100101977,-0.03553160658111931,-0.07433482813902255,-0.02993395668165064,-0.11575284806933661,-0.005098323586870679,-0.09751714243415047,-0.0042951336030924,-2.6675615400843946,-0.6345120151091003,0.5954962218255742,0.06205671166190463,0.05228029626108224,2.1405297632330234,True,False
7357,7382,V*_V714_And_B,1.344,0.103,0.103,1.717,0.026,0.026,6396.25,36.37,36.37,4.45,0.41,0.37,0.168,0.01,0.01,4.096,0.057,0.057,0.266,0.024,0.024,,MS,,,Xiong23,,,,,EB,18.13,0.3,True,True,0.00318,0.00034,0.00034,0.2609,0.0085,0.0085,1.3962818983696397,0.0477401765205269,1.36757625494119,1.424221724869554,1.3184331545612438,1.4680270880398176,0.103,0.00034,0.0085,0.05228189836963959,0.1135258757033438,0.03890022200121993,0.028322734964181917,0.10682311227375511,0.48942496859347256,False,True,0.08718245442874555,0.4605284746383126,0.023576254941189978,0.08022172486955381,0.017541856355052066,0.059688783385084675,-0.025566845438756314,0.12402708803981755,-0.019022950475265112,0.09228205955343567,-2.4975728800155674,-0.5835259208997792,0.6483600109809317,0.05228189836963959,0.03890022200121993,0.4605284746383126,False,False
7362,7389,V*_V644_Aur_A,1.017,0.012,0.012,1.495,0.052,0.052,6510.0,10.0,10.0,3.62,0.63,0.54,-0.26,0.0,0.0,4.15,0.0,0.0,0.304,0.032,0.032,,MS,,,Xiong23,,,,,EB,4.557,0.012,True,False,0.118,0.012,0.012,0.875,0.031,0.031,1.239277026669641,0.1485096235183687,1.1410763614485513,1.3356658852701917,0.9336215014336192,1.5402791465944523,0.012,0.012,0.031,0.222277026669641,0.14899365180291274,0.21856148148440613,0.0972947619108202,0.09803198812266938,2.2673928268342505,False,True,0.14673332162061456,1.4918556863326415,0.12407636144855139,0.3186658852701918,0.12200232197497679,0.31333912022634397,-0.08337849856638069,0.5232791465944524,-0.0819847576857234,0.514532100879501,-0.9281179926938746,-0.057991946977686754,0.5587085705331657,0.222277026669641,0.21856148148440613,1.4918556863326415,False,False
7370,7397,"ASAS_J051753-5406,0_A",1.3094,0.0051,0.0051,1.9288,0.003,0.003,6462.0,43.0,43.0,5.83,0.15,0.15,0.0,0.2,0.2,3.9836,0.0012,0.0012,0.1825,0.0011,0.0011,,MS,F,,Miller22,,,,,EB,49.718,0.09,True,True,0.0001629,1.3e-06,1.3e-06,0.09823,0.00026,0.00026,1.3870483025840454,0.0592292402611618,1.3324033232136911,1.440559345634281,1.2732335948044922,1.5068705516222285,0.0051,1.3e-06,0.00026,0.07764830258404554,0.05944840537738948,0.05930067403699828,0.054078011210294874,0.054317964767292025,1.429514211673889,False,True,0.04542165421618817,1.306146095780362,0.02300332321369125,0.131159345634281,0.017567835049405265,0.1001675161404315,-0.036166405195507734,0.1974705516222286,-0.027620593550868898,0.1508099523615615,-3.7880789156914907,-1.0077558559532285,0.7656685547590141,0.07764830258404554,0.05930067403699828,1.306146095780362,False,False
7371,7398,"ASAS_J051753-5406,0_B",1.0896,0.0034,0.0034,1.1815,0.0037,0.0037,6331.0,43.0,43.0,2.02,0.06,0.06,0.0,0.2,0.2,4.3297,0.0026,0.0026,0.6606,0.0065,0.0065,,MS,F,,Miller22,,,,,EB,49.718,0.09,True,True,5.023e-05,5.8e-07,5.8e-07,0.06544,0.00025,0.00025,1.1943073208684107,0.0328966985178804,1.1637733031644346,1.2252137943122403,1.126045577742861,1.2587214548338592,0.0034,5.8e-07,0.00025,0.10470732086841084,0.03307193331778949,0.09609702722871774,0.03072024557390285,0.030907822442237783,3.3877288205629355,False,False,0.030384653455200444,3.1660477741737725,0.07417330316443471,0.1356137943122404,0.06807388322727122,0.12446199918524267,0.03644557774286117,0.16912145483385932,0.03344858456576833,0.15521425737321892,-4.299036821840451,-1.1841567093367333,0.3053513694466238,0.10470732086841084,0.09609702722871774,3.1660477741737725,True,True
7378,7405,"ASAS_J231922-0852,2_A",1.136,0.001,0.001,1.64,0.004,0.004,6266.14,18.8,18.8,3.74,0.11,0.11,-0.39,0.07,0.07,4.064,0.005,0.005,0.2575,0.0019,0.0019,,MS,,,Xiong23,,,,,EB,18.04,0.015,True,True,0.0022,1.7e-05,1.7e-05,0.23341,0.00061,0.00061,1.120922323192173,0.0756594498836258,1.0614308918566355,1.1814398854891737,0.96975475153473,1.2645417170199715,0.001,1.7e-05,0.00061,-0.0150776768078269,0.0756660581548483,-0.013272602823791287,0.06000449681626907,0.06001282894659812,-0.25124089419686646,True,True,0.06660729217294409,-0.19926605370364203,-0.07456910814336437,0.04543988548917377,-0.06564182054873625,0.03999989919821635,-0.1662452484652699,0.12854171701997164,-0.14634264829689253,0.11315291991194687,-2.657577319177794,-0.631880541384971,0.5728716022004802,0.0150776768078269,0.013272602823791287,0.19926605370364203,False,False
7379,7406,"ASAS_J231922-0852,2_B",1.006,0.001,0.001,1.11,0.01,0.01,6237.35,43.66,43.66,1.68,0.13,0.12,-0.39,0.07,0.07,4.35,0.018,0.018,0.736,0.02,0.02,,MS,,,Xiong23,,,,,EB,18.04,0.015,True,True,0.000828,2.3e-05,2.3e-05,0.167,0.0015,0.0015,1.0097790845336925,0.0229834582128399,0.9878433418131836,1.0314940967011297,0.9642640585251642,1.0562636287921363,0.001,2.3e-05,0.0015,0.0037790845336924672,0.023005202703331215,0.0037565452621197487,0.02182537744397306,0.021848274544500945,0.17296947298951054,True,True,0.022868157356433844,0.16427086439648045,-0.018156658186816443,0.025494096701129676,-0.018048367978942787,0.02534204443452254,-0.041735941474835836,0.050263628792136306,-0.041487019358683735,0.04996384571782933,-3.0819696632151197,-0.7772835288524167,0.22530928172586284,0.0037790845336924672,0.0037565452621197487,0.16427086439648045,False,False
7380,7407,"ASAS_J171750-1915,3_A",1.357,0.001,0.001,1.676,0.003,0.003,6531.31,58.78,58.78,4.61,0.4,0.37,0.04,0.12,0.12,4.122,0.003,0.003,0.2882,0.0016,0.0016,,MS,F,,Xiong23,,,,,EB,12.564,0.009,True,True,0.007597,4.4e-05,4.4e-05,0.35133,0.00068,0.00068,1.380362974700845,0.0414273103381627,1.3407425912542577,1.4201532658944422,1.299787148676508,1.463418748283384,0.001,4.4e-05,0.00068,0.02336297470084503,0.04143937791345862,0.017216635741226994,0.03970533732009229,0.039717928089243446,0.588222392878854,True,True,0.030537801734261884,0.5637868104496143,-0.01625740874574233,0.06315326589444226,-0.01198040438153451,0.04653888422582333,-0.057212851323491964,0.10641874828338405,-0.042161275846346324,0.0784220694792808,-2.1193578735957153,-0.45428476430368625,0.6637009253896482,0.02336297470084503,0.017216635741226994,0.5637868104496143,False,False
7381,7408,"ASAS_J171750-1915,3_B",1.345,0.001,0.001,1.648,0.003,0.003,6501.3,58.51,58.51,4.38,0.38,0.35,0.04,0.12,0.12,4.133,0.003,0.003,0.3005,0.0017,0.0017,,MS,F,,Xiong23,,,,,EB,12.564,0.009,True,True,0.007325,4.3e-05,4.3e-05,0.34687,0.00068,0.00068,1.3653562502947996,0.0405510096229492,1.326058432420051,1.403920865232952,1.2860128838873626,1.447674332283616,0.001,4.3e-05,0.00068,0.020356250294799594,0.04056333789816265,0.015134758583494123,0.038931216406450475,0.038944057452785764,0.5227049163913828,True,True,0.030158895043975776,0.5018386392635021,-0.018941567579948915,0.058920865232952035,-0.014082949873567967,0.04380733474568925,-0.058987116112637406,0.10267433228361611,-0.04385659190530662,0.07633779351941718,-2.135192370973853,-0.45983325967900684,0.6414741105040995,0.020356250294799594,0.015134758583494123,0.5018386392635021,False,False
7382,7409,"ASAS_J163903-2847,2_A",1.421,0.002,0.002,2.157,0.003,0.003,6637.43,33.19,33.19,8.15,0.38,0.37,-0.19,0.16,0.16,3.923,0.002,0.002,0.14159,0.00062,0.00062,,MS,,,Xiong23,,,,,EB,47.0,0.04,True,True,0.0002624,1.3e-06,1.3e-06,0.11529,0.00019,0.00019,1.4284214243411062,0.1082559103261397,1.3502950628723187,1.5060593206813448,1.2000195074390827,1.6295237817324677,0.002,1.3e-06,0.00019,0.007421424341106153,0.10827438349185461,0.005222677228083148,0.07788212890451307,0.0779078045044217,0.09525906150628267,True,True,0.07619604288375971,0.06854275315882505,-0.07070493712768133,0.08505932068134481,-0.04975716898499742,0.059858775989686704,-0.22098049256091734,0.20852378173246766,-0.15551055071141262,0.14674439249293994,-3.5810361692963775,-0.9382083608159888,0.9111576087399766,0.007421424341106153,0.005222677228083148,0.06854275315882505,False,False
7383,7410,"ASAS_J163903-2847,2_B",1.141,0.001,0.001,1.224,0.002,0.002,6591.74,164.79,164.79,2.55,0.66,0.53,-0.19,0.16,0.16,4.32,0.003,0.003,0.6222,0.0031,0.0031,,MS,,,Xiong23,,,,,EB,47.0,0.04,True,True,6.81e-05,3.9e-07,3.9e-07,0.07232,0.00014,0.00014,1.2282934783170918,0.0678568632131263,1.1888699675013474,1.2654315542678083,1.117611933091823,1.3407942701244295,0.001,3.9e-07,0.00014,0.08729347831709178,0.06786423126452501,0.07650611596589989,0.03828079338323043,0.03829385253600868,2.2795689787285704,False,True,0.059478879684007314,1.2862958393624817,0.04786996750134742,0.12443155426780828,0.04195439745955076,0.1090548240734516,-0.023388066908176963,0.19979427012442952,-0.020497867579471484,0.17510453122211175,-4.166852888087215,-1.1407415825326932,0.4065401804339551,0.08729347831709178,0.07650611596589989,1.2862958393624817,False,False
7384,7411,"ASAS_J085002+1752,5_A",1.326,0.001,0.001,1.571,0.011,0.011,6561.45,91.86,91.86,4.12,0.59,0.52,-0.01,0.27,0.27,4.168,0.014,0.014,0.342,0.0072,0.0072,,MS,,,Xiong23,,,,,EB,18.076,0.012,True,True,0.002431,5.1e-05,5.1e-05,0.2386,0.0017,0.0017,1.337444221765077,0.0442113937095099,1.2950618631874855,1.379218618406153,1.2448141105862218,1.4210679222310203,0.001,5.1e-05,0.0017,0.011444221765076978,0.04422270156534188,0.008630634815291839,0.04207837760933375,0.04209025851944461,0.2718971602369713,True,True,0.03335060148573998,0.25878612929532147,-0.03093813681251456,0.05321861840615294,-0.023331928214566033,0.04013470468035667,-0.08118588941377824,0.09506792223102023,-0.06122616094553412,0.07169526563425356,-2.6142150411566645,-0.6223295606656769,0.6148972160331346,0.011444221765076978,0.008630634815291839,0.25878612929532147,False,False
7391,7420,"ASAS_J090232-5653,4_B",1.372,0.008,0.008,1.392,0.003,0.003,6683.44,100.25,100.25,3.48,0.52,0.45,-0.15,0.13,0.13,4.244,0.007,0.007,0.5087,0.0044,0.0044,,MS,,,Xiong23,,,,,EB,44.75,0.17,True,True,0.0001006,1.5e-06,1.5e-06,0.08295,0.00039,0.00039,1.3035658901111633,0.0369943101028619,1.269248515545654,1.338044487072375,1.2286031514990416,1.37628818260129,0.008,1.5e-06,0.00039,-0.0684341098888368,0.0378494250945336,-0.04987908884026006,0.034397985763360506,0.03531602220772255,-1.9377638140082585,False,True,0.027527039285050393,-1.808062070108441,-0.10275148445434601,-0.033955512927625,-0.0748917525177449,-0.024748916128006556,-0.14339684850095846,0.004288182601289936,-0.10451665342635455,0.0031254975228060754,-3.9974020192800914,-1.0811836096396206,0.541579243946581,0.0684341098888368,0.04987908884026006,1.808062070108441,False,False
7406,7435,BN_Scl_A,1.407,0.001,0.001,1.834,0.003,0.003,6309.57,18.93,18.93,4.81,0.13,0.13,-0.23,0.06,0.06,4.059,0.003,0.003,0.2281,0.0011,0.0011,,MS,F7,,Xiong23,,,,,EB,13.8252,0.0063,True,True,0.006827,3.5e-05,3.5e-05,0.34047,0.00058,0.00058,1.2306490994737531,0.0751340618189686,1.1737434246100815,1.2882864800353808,1.0859985582442526,1.3702595219518314,0.001,3.5e-05,0.00058,-0.1763509005262469,0.07514071629560498,-0.1253382377585266,0.05727152771264965,0.05728025738891889,-3.078737920621892,False,False,0.053403804383426796,-2.346941967288137,-0.2332565753899185,-0.11871351996461921,-0.16578292493952984,-0.08437350388388003,-0.3210014417557474,-0.0367404780481686,-0.22814601404104293,-0.026112635428691258,-2.1657700971483225,-0.46792114926793105,0.6821450763738317,0.1763509005262469,0.1253382377585266,2.346941967288137,True,False
7407,7436,BN_Scl_B,1.244,0.001,0.001,1.38,0.004,0.004,6237.35,31.19,31.19,2.6,0.13,0.12,-0.23,0.06,0.06,4.256,0.006,0.006,0.4734,0.0041,0.0041,,MS,F8,,Xiong23,,,,,EB,13.8252,0.0063,True,True,0.003541,3.1e-05,3.1e-05,0.27101,0.0008,0.0008,1.110754162539713,0.0342715586708245,1.0804210276621615,1.141255269498799,1.0430429689314635,1.1807955071664582,0.001,3.1e-05,0.0008,-0.13324583746028695,0.0342861449236826,-0.10711080181695093,0.03041712091831872,0.03043355458962397,-4.378254175597216,False,False,0.02755883286079074,-3.886288113081198,-0.16357897233783847,-0.10274473050120103,-0.13149435075388943,-0.08259222709099762,-0.20095703106853646,-0.06320449283354179,-0.16154102175927368,-0.05080747012342588,-2.4508740732418888,-0.5670146837946243,0.414973347970818,0.13324583746028695,0.10711080181695093,3.886288113081198,True,True
7408,7437,AL_Ari_A,1.164,0.001,0.001,1.372,0.004,0.004,6367.96,25.47,25.47,2.79,0.11,0.11,-0.42,0.08,0.08,4.229,0.005,0.005,0.4507,0.004,0.004,,MS,F6,,Xiong23,,,,,EB,12.9503,0.0014,True,True,0.003166,2.8e-05,2.8e-05,0.26466,0.00077,0.00077,1.0881167956797877,0.0651421081950496,1.0328655948547298,1.1438427639150788,0.9546391443911696,1.2167983360497123,0.001,2.8e-05,0.00077,-0.07588320432021223,0.06514978326975117,-0.06519175628884212,0.05548858453017447,0.05549759466105101,-1.367324201772444,False,True,0.055969772538817325,-1.1647499118457474,-0.13113440514527008,-0.02015723608492115,-0.11265842366432138,-0.017317213131375558,-0.20936085560883033,0.0527983360497124,-0.17986327801445906,0.04535939523171169,-2.4994890894736628,-0.5773116918379491,0.44560420327359757,0.07588320432021223,0.06519175628884212,1.1647499118457474,False,False
7419,7448,KIC2557430_B,1.35,0.009,0.009,1.23,0.013,0.013,6053.41,302.67,302.67,1.83,1.08,0.68,-0.02,0.11,0.11,4.386,0.019,0.019,0.725,0.024,0.024,,MS,F,,Xiong23,,,,,EB,7.03,0.01,True,False,0.02074,0.00069,0.00069,0.4865,0.0053,0.0053,1.09167077684184,0.0982934115729193,1.0344734006921814,1.1511010089877332,0.9147532937672388,1.2620746098284958,0.009,0.00069,0.0053,-0.25832922315816,0.09870458327070383,-0.19135498011715554,0.05831380414777587,0.05900423505296177,-4.378147143612413,False,False,0.07300923972142247,-2.6171958241257656,-0.3155265993078187,-0.19889899101226693,-0.2337234068946805,-0.14733258593501253,-0.4352467062327613,-0.08792539017150425,-0.3224049675798232,-0.0651299186455587,-1.6831912479469777,-0.3129171553956293,0.26245108973042947,0.25832922315816,0.19135498011715554,2.6171958241257656,True,False
7424,7453,KIC7821010_A,1.277,0.007,0.007,1.276,0.005,0.005,6714.29,67.14,67.14,2.99,0.3,0.27,0.1,0.08,0.08,4.332,0.007,0.007,0.6147,0.008,0.008,,MS,,,Xiong23,,,,,EB,47.83,0.2,True,True,5.9e-05,1.1e-06,1.1e-06,0.06969,0.00042,0.00042,1.3625913246704957,0.0365002847656589,1.3286164541386964,1.3963126482845936,1.288994231600351,1.4366611709862158,0.007,1.1e-06,0.00042,0.0855913246704958,0.03716545153733762,0.06702531297611261,0.03384809707294856,0.03456434109685513,2.4762897817335623,False,False,0.029175152033181113,2.302980890317126,0.05161645413869653,0.11931264828459365,0.04042008938034185,0.09343198769349542,0.01199423160035118,0.1596611709862159,0.009392507126351746,0.12502832496962876,-4.229147988357856,-1.1568295354801021,0.4756711883244297,0.0855913246704958,0.06702531297611261,2.302980890317126,True,False
7425,7454,KIC7821010_B,1.221,0.007,0.007,1.21,0.006,0.006,6561.45,72.18,72.18,2.45,0.27,0.24,0.1,0.08,0.08,4.359,0.009,0.009,0.689,0.011,0.011,,MS,,,Xiong23,,,,,EB,47.83,0.2,True,True,5.41e-05,1.1e-06,1.1e-06,0.06745,0.00045,0.00045,1.305016046138181,0.030233429084105,1.2767466797210894,1.3337609119445877,1.2430061226872169,1.3628963409094152,0.007,1.1e-06,0.00045,0.08401604613818092,0.031033211792909965,0.06880921059638076,0.028507116111749164,0.029353971946037366,2.862169599828982,False,False,0.025508102800615644,2.707294581651253,0.055746679721089265,0.1127609119445876,0.04565657634814845,0.09235127923389647,0.0220061226872168,0.14189634090941516,0.018023032503863064,0.11621321941803042,-4.266802734893431,-1.171018045992077,0.3891660843645325,0.08401604613818092,0.06880921059638076,2.707294581651253,True,False
7426,7455,KIC3439031_A,1.226,0.001,0.001,1.407,0.001,0.001,6531.31,97.97,97.97,3.25,0.48,0.42,0.1,0.13,0.13,4.23,0.001,0.001,0.4402,0.001,0.001,,MS,F,,Xiong23,,,,,EB,18.646,0.13,True,True,0.001386,2.9e-05,2.9e-05,0.1992,0.0014,0.0014,1.3291633346867433,0.0396826877521792,1.2913337570834178,1.3669344391153675,1.246425717277602,1.4056554105249557,0.001,2.9e-05,0.0014,0.10316333468674332,0.039695285705445595,0.08414627625346112,0.03780034101597485,0.037813566096362695,2.728209617253387,False,False,0.03237968567383865,2.5988812740196723,0.06533375708341782,0.14093443911536752,0.05329017706640932,0.11495468117077286,0.020425717277602118,0.1796554105249557,0.016660454549430766,0.14653785524058377,-2.858236769724212,-0.7007106659123201,0.5118833609788743,0.10316333468674332,0.08414627625346112,2.5988812740196723,True,False
7427,7456,KIC3439031_B,1.227,0.001,0.001,1.403,0.001,0.001,6531.31,97.97,97.97,3.23,0.48,0.42,0.1,0.13,0.13,4.233,0.002,0.002,0.4443,0.001,0.001,,MS,F,,Xiong23,,,,,EB,18.646,0.13,True,True,0.001372,2.9e-05,2.9e-05,0.1985,0.0014,0.0014,1.3295241231260782,0.0391056468192076,1.292245457857262,1.3659682848289807,1.2494082436668323,1.4051666088731452,0.001,2.9e-05,0.0014,0.10252412312607806,0.039118430606922376,0.08355674256404079,0.03686141348585936,0.036874975310845895,2.780317064942496,False,False,0.031883175041759325,2.620864935924486,0.06524545785726188,0.1389682848289806,0.05317478227975703,0.11325858584268997,0.02240824366683225,0.17816660887314506,0.018262627275331907,0.1452050602063122,-2.862645888629267,-0.7022394889008661,0.5092025223311029,0.10252412312607806,0.08355674256404079,2.620864935924486,True,False
7430,7459,EPIC219568666_A,1.121,0.006,0.006,1.178,0.003,0.003,6137.62,42.96,42.96,1.77,0.12,0.11,0.07,0.03,0.03,4.346,0.005,0.005,0.6858,0.0064,0.0064,,MS,F8,,Xiong23,,,,,EB,27.086,0.089,True,True,0.0001917,2.5e-06,2.5e-06,0.1045,0.00045,0.00045,1.1535846628037856,0.0198481226574708,1.13517749887487,1.1716098845875906,1.1133776026817144,1.1933664566472073,0.006,2.5e-06,0.00045,0.03258466280378558,0.02073518683364116,0.029067495810691863,0.018216192856360336,0.019178886364440283,1.6989861759753189,False,True,0.018542661573980653,1.5714670460996092,0.014177498874869965,0.05060988458759064,0.012647189005236365,0.04514708705405052,-0.007622397318285623,0.07236645664720731,-0.006799640783484053,0.06455526908760688,-3.7173778871219376,-0.9808837095529273,0.24797326636180664,0.03258466280378558,0.029067495810691863,1.5714670460996092,False,False
7432,7461,AL_Dor_A,1.102,0.0,0.0,1.092,0.001,0.001,6053.41,30.27,30.27,1.44,0.07,0.06,-0.1,0.04,0.04,4.404,0.002,0.002,0.8463,0.0023,0.0023,,MS,F9,,Xiong23,,,,,EB,33.1727,0.0065,True,True,0.00011505,3.2e-07,3.2e-07,0.086893,8.1e-05,8.1e-05,1.0441978624203332,0.0214700689153338,1.0267872888593257,1.061186036355679,1.002409113995334,1.0872926691642115,0.0,3.2e-07,8.1e-05,-0.0578021375796669,0.0214700689153338,-0.05245203047156706,0.017199373748176705,0.017199373748176705,-3.3607117576472496,False,False,0.0194828211572902,-2.692219471097503,-0.0752127111406744,-0.040813963644320994,-0.0682510990387245,-0.037036264650019045,-0.09959088600466615,-0.014707330835788568,-0.09037285481367163,-0.013346035241187448,-3.939113376995338,-1.0610152084054412,0.15836249209524964,0.0578021375796669,0.05245203047156706,2.692219471097503,True,False
7433,7462,AL_Dor_B,1.103,0.0,0.0,1.098,0.001,0.001,6053.41,30.27,30.27,1.46,0.07,0.07,-0.1,0.04,0.04,4.399,0.002,0.002,0.8332,0.0023,0.0023,,MS,F9,,Xiong23,,,,,EB,33.1727,0.0065,True,True,0.00011679,3.3e-07,3.3e-07,0.087334,8.1e-05,8.1e-05,1.044908625027867,0.0213973931864862,1.027502083697173,1.0623231246382976,1.0011506673145258,1.087843031311062,0.0,3.3e-07,8.1e-05,-0.058091374972133014,0.0213973931864862,-0.05266670441716502,0.01741052047056224,0.01741052047056224,-3.3365673973017684,False,False,0.019399268528092657,-2.714880942077625,-0.07549791630282687,-0.04067687536170239,-0.06844779356557287,-0.03687840014660235,-0.10184933268547414,-0.0151569686889379,-0.0923384702497499,-0.013741585393416047,-3.932594341562176,-1.0588166481875179,0.1643528557844371,0.058091374972133014,0.05266670441716502,2.714880942077625,True,False
7434,7463,"ASAS_J073507-0905,7_A",1.452,0.015,0.015,1.635,0.005,0.005,6397.35,44.78,44.78,4.04,0.28,0.26,-0.27,0.08,0.08,4.173,0.005,0.005,0.3322,0.0046,0.0046,,MS,F,,Xiong23,,,,,EB,7.06,0.05,True,False,0.02583,0.00064,0.00064,0.538,0.0044,0.0044,1.206179167441366,0.0439476894438203,1.1647641811172873,1.2479076292990334,1.1171299396670074,1.2930597117150378,0.015,0.00064,0.0044,-0.24582083255863396,0.0464370477899971,-0.169298094048646,0.04157172409087306,0.044195115611203865,-5.562171954049966,False,False,0.03146006851602504,-5.293636100001725,-0.28723581888271266,-0.20409237070096653,-0.19782081190269468,-0.1405594839538337,-0.3348700603329926,-0.1589402882849622,-0.2306267633147332,-0.10946300846071777,-1.5878755938266829,-0.2692177243336108,0.6063813651106049,0.24582083255863396,0.169298094048646,5.293636100001725,True,True
7438,7467,EPIC219394517_A,1.078,0.001,0.001,1.055,0.005,0.005,5929.25,41.5,41.5,1.2,0.1,0.1,0.07,0.03,0.03,4.425,0.009,0.009,0.918,0.013,0.013,,MS,G0,,Xiong23,,,,,EB,18.954,0.012,True,True,0.0005508,7.9e-06,7.9e-06,0.14652,0.0007,0.0007,1.0565850174123126,0.0155081812860821,1.0425053851627883,1.0707937303919963,1.024639791747853,1.0857577663737894,0.001,7.9e-06,0.0007,-0.02141498258768748,0.015540388888376862,-0.01986547549878245,0.01414417261460399,0.014179478796899181,-1.5102799541807268,False,True,0.014414771077313362,-1.3780210226080256,-0.035494614837211724,-0.007206269608003746,-0.03292635884713518,-0.006684851213361545,-0.05336020825214716,0.007757766373789332,-0.04949926554002519,0.007196443760472479,-3.259006068415114,-0.8341030900074926,0.07918124604762482,0.02141498258768748,0.01986547549878245,1.3780210226080256,False,False
7439,7468,EPIC219394517_B,1.066,0.001,0.001,1.042,0.005,0.005,5874.89,41.12,41.12,1.2,0.1,0.1,0.07,0.03,0.03,4.43,0.01,0.01,0.942,0.014,0.014,,MS,G1,,Xiong23,,,,,EB,18.954,0.012,True,True,0.0005403,7.9e-06,7.9e-06,0.14546,0.00071,0.00071,1.0393938806669083,0.0153149053366142,1.0253331288025056,1.0534214433832414,1.0080035770875964,1.0683758773005714,0.001,7.9e-06,0.00071,-0.02660611933309176,0.015347518544359348,-0.024958836147365628,0.014044157290367898,0.014079714272548068,-1.8896775046754364,False,True,0.01439579034636103,-1.7335779237660716,-0.04066687119749446,-0.012578556616758663,-0.03814903489446009,-0.011799771685514692,-0.0579964229124037,0.0023758773005713163,-0.05440565001163574,0.0022287779555078013,-3.267365032460804,-0.8372564167645845,0.07918124604762482,0.02660611933309176,0.024958836147365628,1.7335779237660716,False,False
7442,7471,WASP_0639-32_A,1.155,0.002,0.002,1.834,0.01,0.01,6324.12,18.97,18.97,4.85,0.18,0.18,-0.33,0.1,0.1,3.974,0.011,0.011,0.1872,0.0031,0.0031,,Subgiant,F,,Xiong23,,,,,EB,26.964,0.031,True,True,0.000753,1.3e-05,1.3e-05,0.1647,0.00092,0.00092,1.2062778246454735,0.0748295916134416,1.1437437537475086,1.2682523842827995,1.054583670709577,1.3547857585502443,0.002,1.3e-05,0.00092,0.05127782464547348,0.07485631423623829,0.04439638497443591,0.062254315267645466,0.062286433269560355,0.8232583237437224,True,True,0.06481276122170129,0.6850166905579442,-0.011256246252491442,0.11325238428279949,-0.00974566775107484,0.09805401236606016,-0.10041632929042299,0.19978575855024427,-0.08694054484019306,0.17297468272748423,-3.1232050237992994,-0.7833064008302456,0.6857417386022636,0.05127782464547348,0.04439638497443591,0.6850166905579442,False,False
7487,7516,KIC5193386_B,1.17,0.05,0.05,1.37,0.01,0.01,6622.0,127.0,127.0,3.25,0.25,0.25,-0.36,0.06,0.06,4.23,0.02,0.02,0.455,0.022,0.022,,,,,Benbakoura21,,,,,EB,44.34,0.34,True,True,0.0001094,5.5e-06,5.5e-06,0.0849,0.0013,0.0013,1.204517896200793,0.0396517685485093,1.1722814556881704,1.2365750042706785,1.1289847399502786,1.282899130970912,0.05,5.5e-06,0.0013,0.03451789620079304,0.06381428326812542,0.0295024753852932,0.03214677429125401,0.059442536094389764,0.5806935314129518,False,True,0.05553550667880409,0.5409117588261683,0.0022814556881705084,0.06657500427067853,0.0019499621266414603,0.05690171305186199,-0.041015260049721336,0.11289913097091198,-0.03505577782027465,0.0964949837358222,-3.960982678002588,-1.0710923097560474,0.5118833609788743,0.03451789620079304,0.0295024753852932,0.5409117588261683,False,False
7489,7518,KIC6307537_B,1.06,0.04,0.04,1.17,0.02,0.02,6387.0,306.0,306.0,2.05,0.4,0.4,0.0,0.4,0.4,4.33,0.02,0.02,0.662,0.042,0.042,,,,,Benbakoura21,,,,,EB,53.71,0.61,True,True,3.91e-05,3.2e-06,3.2e-06,0.0602,0.0015,0.0015,1.1963297325534523,0.1295927936255179,1.1240632814705642,1.2653127061762743,0.9803698242153722,1.420845665750191,0.04,3.2e-06,0.0015,0.13632973255345227,0.13562555865199624,0.1286129552391059,0.07062471235285506,0.08116557148769124,1.679649758569453,False,True,0.1294631124143301,1.005192044246342,0.06406328147056417,0.20531270617627428,0.06043705799109827,0.19369123224176818,-0.07963017578462783,0.36084566575019084,-0.07512280734398852,0.3404204393869725,-4.407823242604133,-1.2204035087421754,0.31175386105575426,0.13632973255345227,0.1286129552391059,1.005192044246342,False,False
7491,7520,KIC11235323_B,0.989,0.002,0.002,1.544,0.004,0.004,6319.0,254.0,254.0,3.42,0.55,0.55,-0.4,0.2,0.2,4.06,0.0,0.0,0.2687,0.0022,0.0022,,,,,Benbakoura21,,,,,EB,38.76,0.065,True,True,0.0002105,2.6e-06,2.6e-06,0.10611,0.00041,0.00041,1.1303108778943944,0.0858002373087155,1.0871585298216293,1.1754651835723635,0.9930182023137906,1.2709922365716222,0.002,2.6e-06,0.00041,0.14131087789439445,0.08582354410202304,0.14288258634418044,0.044153326875367105,0.04419860036429904,3.1971799271846817,False,False,0.08678531741617088,1.646528110356415,0.09815852982162931,0.18646518357236352,0.09925028293390224,0.18853911382443228,0.004018202313790575,0.2819922365716222,0.004062894149434353,0.2851286517407707,-3.676747899828313,-0.974243685465586,0.534026106056135,0.14131087789439445,0.14288258634418044,1.646528110356415,False,False
12628,12659,TV_Cet_B,1.265,0.051,0.051,1.221,0.01,0.01,6575.0,150.0,150.0,2.51,0.23,0.23,-0.122,0.005,0.005,4.367,0.019,0.019,0.695,0.033,0.033,,MS,F5V,,Eker14+18,,,,,EB,25.15,0.25,True,True,0.000397,2.3e-05,2.3e-05,0.1308,0.0024,0.0024,1.238813935596888,0.0404265418249988,1.2079811920310932,1.2683800857310907,1.1635734051560134,1.3156651588331585,0.051,2.3e-05,0.0024,-0.026186064403111997,0.06507922313556284,-0.020700446168467983,0.030199446849998757,0.059270621643828736,-0.44180512498199004,True,True,0.05079465763994342,-0.40237211112009263,-0.05701880796890668,0.0033800857310908317,-0.045074156497159436,0.0026720045305065865,-0.10142659484398653,0.050665158833158586,-0.08017912635888264,0.04005150895901865,-3.401209493236885,-0.8833922560117515,0.3996737214810381,0.026186064403111997,0.020700446168467983,0.40237211112009263,False,False
12780,12813,BH_Vir_A,1.178,0.018,0.018,1.228,0.05,0.05,6100.0,100.0,100.0,1.88,0.2,0.2,-0.2839,0.0074,0.0074,4.331,0.036,0.036,0.636,0.078,0.078,,MS,F8V,,Eker14+18,,,,,EB,4.77,0.02,True,False,0.0502,0.0062,0.0062,0.662,0.027,0.027,1.0069634320528382,0.0406117430633427,0.9756662291903409,1.0391889153572664,0.9243863746762068,1.087368722783445,0.018,0.0062,0.027,-0.1710365679471617,0.04442199539240627,-0.14519233272254814,0.03176134308346279,0.03650729946826291,-4.684996437379596,False,False,0.0368665393790467,-3.8502675630910446,-0.20233377080965909,-0.1388110846427335,-0.17176041664656969,-0.11783623484103015,-0.25361362532379317,-0.09063127721655495,-0.2152917023122183,-0.0769365680955475,-1.2992962828549806,-0.17914201056030005,0.2741578492636798,0.1710365679471617,0.14519233272254814,3.8502675630910446,True,True
12781,12814,BH_Vir_B,1.05,0.015,0.015,1.118,0.04,0.04,5500.0,200.0,200.0,1.03,0.17,0.17,-0.2839,0.0074,0.0074,4.363,0.032,0.032,0.751,0.081,0.081,,MS,G5V,,Eker14+18,,,,,EB,4.77,0.02,True,False,0.0455,0.005,0.005,0.635,0.023,0.023,0.831094814463599,0.74644979113721,0.7483348928540139,0.9053755228825896,0.4347909489994523,1.191963210046449,0.015,0.005,0.023,-0.21890518553640104,0.7466004893440564,-0.2084811290822867,0.07852031501428786,0.07994022685696482,-2.7383608246206625,False,True,0.7109944832788987,-0.29320257441664066,-0.30166510714598616,-0.14462447711741044,-0.2873001020437963,-0.1377375972546766,-0.6152090510005477,0.14196321004644896,-0.5859133819052835,0.13520305718709424,-1.3419886033428876,-0.1972262747080243,0.012837224705172217,0.21890518553640104,0.2084811290822867,0.29320257441664066,False,False
12936,12969,V443_Cyg_A,1.2,0.2,0.2,1.3,0.2,0.2,6700.0,350.0,350.0,3.1,1.1,1.1,-0.213,0.025,0.025,4.29,0.152,0.152,0.55,0.27,0.27,,MS,F2/3V,,Eker14+18,,,,,EB,9.4,0.33,True,True,0.008,0.0043,0.0043,0.358,0.062,0.062,1.2946067508627457,2.549916599170877,1.1432353671660511,1.3503704702990746,0.4548194464876755,2.1421653458275496,0.2,0.0043,0.062,0.09460675086274573,2.5577479670067516,0.0788389590522881,0.10356755156651176,0.22522486038952735,0.42005465426473326,True,True,2.132524326211051,0.036988300678217685,-0.056764632833948836,0.1503704702990747,-0.047303860694957366,0.12530872524922892,-0.7451805535123244,0.9421653458275496,-0.6209837945936036,0.7851377881896248,-2.0969100130080562,-0.44611697335612566,0.4913616938342727,0.09460675086274573,0.0788389590522881,0.036988300678217685,False,False
12937,12970,V443_Cyg_B,1.1,0.3,0.3,1.1,0.2,0.2,6200.0,550.0,550.0,1.61,0.82,0.82,-0.213,0.025,0.025,4.397,0.197,0.197,0.83,0.5,0.5,,MS,F8V,,Eker14+18,,,,,EB,9.4,0.33,True,True,0.0055,0.0034,0.0034,0.315,0.063,0.063,1.052775594581649,8.612232934792756,0.9288813803914904,1.1782010345116387,-0.1978191569149841,2.346743144050441,0.3,0.0034,0.063,-0.047224405418351045,8.617456476427893,-0.0429312776530464,0.12465982706007417,0.32486931600667923,-0.1453643144844745,True,True,7.833652471929252,-0.005480086327970234,-0.17111861960850971,0.07820103451163862,-0.15556238146228155,0.0710918495560351,-1.2978191569149842,1.2467431440504408,-1.17983559719544,1.1334028582276734,-2.2596373105057563,-0.5016894462103995,0.20682587603184974,0.047224405418351045,0.0429312776530464,0.005480086327970234,False,False
